項目,受補貼機構,日期,時間,鏡頭編號,異常時間點
冷煤,久發,2023/5/3,09:00:00,5071930203,"09:10:33,09:32:39"
冷煤,久發,2023/5/3,10:00:00,5071930203,10:48:52
冷煤,久發,2023/5/3,11:00:00,5071930203,11:57:41
冷煤,久發,2023/5/3,13:00:00,5071930203,13:17:37
冷煤,久發,2023/5/3,14:00:00,5071930203,"14:13:13,14:20:07"
冷煤,久發,2023/5/3,15:00:00,5071930203,"15:20:51,15:22:21,15:42:33"
冷煤,久發,2023/5/3,16:00:00,5071930203,16:08:00
冷煤,久發,2023/5/4,13:00:00,5071930203,"13:16:43,13:47:17,13:47:25"
冷煤,久發,2023/5/4,14:00:00,5071930203,"14:38:53,14:46:58,14:53:04"
冷煤,久發,2023/5/4,15:00:00,5071930203,"15:21:39,15:52:45"
冷煤,久發,2023/5/8,08:00:00,5071930202,"08:00:35,08:01:27,08:01:36,08:01:39,08:01:47,08:02:33,08:03:50,08:03:57,08:04:19,08:05:22,08:05:51,08:06:45,08:07:02,08:08:12,08:08:15,08:08:37,08:08:59,08:10:35,08:11:59,08:12:40,08:12:55,08:13:18,08:13:24,08:13:41,08:14:43,08:15:57,08:17:02,08:18:07,08:18:45,08:22:07,08:22:10,08:22:42,08:22:58,08:25:48,08:26:15,08:27:27,08:29:48,08:35:13,08:35:27,08:38:30,08:38:51,08:43:14,08:44:09,08:46:17,08:46:21,08:47:21,08:47:39,08:48:16,08:50:23,08:50:38,08:51:21,08:51:58,08:52:07,08:52:10,08:52:15,08:52:22,08:52:25,08:53:11,08:54:01,08:54:05,08:54:24,08:54:28,08:54:39,08:54:41,08:55:33,08:56:27,08:59:25,08:59:36"
冷煤,久發,2023/5/10,10:00:00,5071930203,10:22:22
冷煤,久發,2023/5/10,13:00:00,5071930203,13:08:19
冷煤,久發,2023/5/10,14:00:00,5071930203,"14:05:54,14:11:56,14:25:00"
冷煤,久發,2023/5/10,15:00:00,5071930203,"15:22:09,15:27:15,15:53:34"
冷煤,久發,2023/5/12,10:00:00,5071930203,10:36:25
冷煤,久發,2023/5/12,11:00:00,5071930203,11:24:34
冷煤,久發,2023/5/12,14:00:00,5071930203,14:58:22
冷煤,久發,2023/5/12,15:00:00,5071930203,15:39:35
冷煤,久發,2023/5/18,08:00:00,5071930203,08:47:30
冷煤,久發,2023/5/18,10:00:00,5071930203,10:37:13
冷煤,久發,2023/5/18,13:00:00,5071930203,"13:32:41,13:53:18,13:57:50"
冷煤,久發,2023/5/18,14:00:00,5071930203,"14:29:46,14:37:26,14:41:39"
冷煤,久發,2023/5/26,08:00:00,5071930203,08:15:24
冷煤,久發,2023/5/26,11:00:00,5071930203,11:18:03
冷煤,久發,2023/5/26,13:00:00,5071930203,13:48:58
冷煤,久發,2023/5/26,14:00:00,5071930203,14:19:39
大門,久發,2023/5/27,14:00:00,5071930201,14:39:32
大門,久發,2023/5/31,17:00:00,5071930201,17:14:42
冷煤,久發,2023/6/6,11:00:00,5071930203,11:04:00
冷煤,久發,2023/6/6,14:00:00,5071930203,14:21:29
冷煤,久發,2023/6/8,11:00:00,5071930203,"11:26:16,11:42:36"
冷煤,久發,2023/6/8,16:00:00,5071930203,16:31:23
冷煤,久發,2023/6/14,09:00:00,5071930203,09:54:42
冷煤,久發,2023/6/16,13:00:00,5071930203,13:30:04
冷煤,久發,2023/6/21,16:00:00,5071930203,16:11:54
冷煤,久發,2023/6/22,15:00:00,5071930203,15:01:13
大門,久發,2023/6/27,07:00:00,5071930201,07:55:02
冷煤,久發,2023/6/27,11:00:00,5071930203,11:50:11
冷煤,久發,2023/7/5,10:00:00,5071930203,10:20:55
冷煤,久發,2023/7/5,13:00:00,5071930203,13:30:28
冷煤,久發,2023/7/5,14:00:00,5071930203,14:54:05
冷煤,久發,2023/7/5,15:00:00,5071930203,15:42:09
冷煤,久發,2023/7/6,16:00:00,5071930203,"16:06:58,16:07:07,16:07:43,16:08:07,16:08:22,16:17:22"
冷煤,久發,2023/7/14,14:00:00,5071930203,14:43:04
冷煤,久發,2023/7/18,14:00:00,5071930203,14:23:38
冷煤,久發,2023/7/22,14:00:00,5071930203,14:46:45
冷煤,久發,2023/7/24,09:00:00,5071930203,09:59:03
冷煤,久發,2023/7/24,13:00:00,5071930203,13:51:22
冷煤,久發,2023/7/26,08:00:00,5071930203,08:47:10
冷煤,久發,2023/7/26,10:00:00,5071930203,10:16:14
冷煤,久發,2023/7/26,11:00:00,5071930203,"11:12:55,11:53:03"
冷煤,久發,2023/7/26,13:00:00,5071930203,13:16:44
冷煤,久發,2023/8/2,09:00:00,5071930203,09:27:21
冷煤,久發,2023/8/2,10:00:00,5071930203,10:36:22
冷煤,久發,2023/8/2,11:00:00,5071930203,"11:06:34,11:29:41,11:35:05,11:39:45"
冷煤,久發,2023/8/2,13:00:00,5071930203,"13:11:19,13:53:44"
冷煤,久發,2023/8/2,14:00:00,5071930203,"14:19:22,14:35:00,14:41:30"
冷煤,久發,2023/8/2,15:00:00,5071930203,"15:36:15,15:50:00"
冷煤,久發,2023/8/2,16:00:00,5071930203,16:26:28
冷煤,久發,2023/8/3,10:00:00,5071930203,10:57:22
冷煤,久發,2023/8/3,11:00:00,5071930203,11:29:04
冷煤,久發,2023/8/3,15:00:00,5071930203,"15:31:32,15:39:47,15:45:47"
冷煤,久發,2023/8/3,16:00:00,5071930203,"16:11:33,16:20:53,16:20:58"
冷煤,久發,2023/8/7,14:00:00,5071930203,14:03:53
冷煤,久發,2023/8/15,11:00:00,5071930203,11:35:41
冷煤,久發,2023/8/15,15:00:00,5071930203,15:43:34
冷煤,久發,2023/8/17,09:00:00,5071930203,09:36:37
冷煤,久發,2023/8/17,10:00:00,5071930203,10:45:03
冷煤,久發,2023/8/19,16:00:00,5071930203,16:11:53
大門,久發,2023/8/23,07:00:00,5071930201,07:59:03
冷煤,久發,2023/8/23,14:00:00,5071930203,14:35:36
冷煤,久發,2023/8/23,15:00:00,5071930203,15:22:36
冷煤,久發,2023/8/23,16:00:00,5071930203,16:15:27
冷煤,久發,2023/8/24,14:00:00,5071930203,14:41:44
冷煤,久發,2023/8/28,09:00:00,5071930203,09:19:32
冷煤,久發,2023/8/28,14:00:00,5071930203,14:50:33
冷煤,久發,2023/8/29,11:00:00,5071930203,11:48:38
冷煤,久發,2023/8/29,14:00:00,5071930203,14:33:12
冷煤,久發,2023/8/29,15:00:00,5071930203,"15:00:56,15:23:37,15:59:52"
大門,久發,2023/8/30,07:00:00,5071930201,07:59:35
大門,久發,2023/9/7,07:00:00,5071930201,07:54:19
冷煤,久發,2023/9/8,09:00:00,5071930203,"09:01:38,09:27:31,09:27:33"
冷煤,久發,2023/9/11,10:00:00,5071930203,10:55:39
冷煤,久發,2023/9/12,11:00:00,5071930203,"11:12:53,11:40:39"
冷煤,久發,2023/9/12,13:00:00,5071930203,"13:33:09,13:46:04"
冷煤,久發,2023/9/12,14:00:00,5071930203,14:16:56
冷煤,久發,2023/9/12,15:00:00,5071930203,"15:30:15,15:36:59"
冷煤,久發,2023/9/19,09:00:00,5071930203,09:14:39
冷煤,久發,2023/9/20,11:00:00,5071930203,"11:21:35,11:57:48"
冷煤,久發,2023/9/20,15:00:00,5071930203,15:26:39
冷煤,久發,2023/9/25,13:00:00,5071930203,13:50:53
冷煤,久發,2023/9/27,14:00:00,5071930203,14:58:50
冷煤,大東方,2023/5/3,13:00:00,5005198303,13:09:50
冷煤,大東方,2023/5/4,14:00:00,5005198303,14:10:08
冷煤,大東方,2023/5/4,16:00:00,5005198303,"16:11:06,16:15:49"
冷煤,大東方,2023/5/12,10:00:00,5005198303,10:18:45
冷煤,大東方,2023/5/12,11:00:00,5005198303,11:25:14
冷煤,大東方,2023/5/18,09:00:00,5005198303,09:02:29
冷煤,大東方,2023/5/18,09:00:00,5005198304,09:03:26
冷煤,大東方,2023/5/18,13:00:00,5005198304,13:26:49
冷煤,大東方,2023/5/18,13:00:00,5005198303,13:31:07
冷煤,大東方,2023/5/26,09:00:00,5005198303,09:00:15
冷煤,大東方,2023/5/26,11:00:00,5005198303,11:21:58
冷煤,大東方,2023/6/6,13:00:00,5005198303,13:58:05
冷煤,大東方,2023/6/6,14:00:00,5005198303,"14:24:27,14:37:37,14:47:09"
大門,大東方,2023/6/10,11:00:00,5005198301,11:54:18
冷煤,大東方,2023/6/21,09:00:00,5005198303,09:40:20
冷煤,大東方,2023/6/21,13:00:00,5005198304,13:30:24
冷煤,大東方,2023/6/21,14:00:00,5005198303,14:59:21
冷煤,大東方,2023/6/27,11:00:00,5005198303,11:36:03
冷煤,大東方,2023/6/27,13:00:00,5005198303,"13:36:41,13:48:40"
冷煤,大東方,2023/7/5,13:00:00,5005198303,13:38:32
冷煤,大東方,2023/7/5,16:00:00,5005198303,"16:01:16,16:39:25"
冷煤,大東方,2023/7/10,10:00:00,5005198304,10:35:56
冷煤,大東方,2023/7/18,09:00:00,5005198304,09:45:27
大門,大東方,2023/7/22,12:00:00,5005198301,12:05:56
冷煤,大東方,2023/8/2,15:00:00,5005198303,"15:32:54,15:58:21,15:59:19"
冷煤,大東方,2023/8/2,18:00:00,5005198304,18:34:20
冷煤,大東方,2023/8/7,14:00:00,5005198303,14:02:19
冷煤,大東方,2023/8/15,10:00:00,5005198304,10:37:07
冷煤,大東方,2023/8/15,13:00:00,5005198303,13:55:16
冷煤,大東方,2023/8/28,09:00:00,5005198303,"09:15:47,09:48:17"
冷煤,大東方,2023/8/28,10:00:00,5005198303,10:56:25
大門,大東方,2023/8/29,17:00:00,5005198301,17:04:30
冷煤,大東方,2023/9/7,09:00:00,5005198303,09:39:18
冷煤,大東方,2023/9/8,08:00:00,5005198303,08:41:27
冷煤,大東方,2023/9/8,14:00:00,5005198303,14:40:41
冷煤,大東方,2023/9/9,16:00:00,5005198303,16:18:30
冷煤,大東方,2023/9/11,10:00:00,5005198303,10:01:29
冷煤,大東方,2023/9/11,13:00:00,5005198303,13:47:25
冷煤,大東方,2023/9/12,13:00:00,5005198303,"13:47:41,13:53:34,13:53:50"
冷煤,大東方,2023/9/12,15:00:00,5005198303,"15:29:26,15:31:00"
冷煤,大東方,2023/9/12,15:00:00,5005198304,15:28:25
冷煤,大東方,2023/9/12,18:00:00,5005198304,18:41:09
冷煤,大東方,2023/9/19,10:00:00,5005198304,10:02:22
冷煤,大東方,2023/9/19,11:00:00,5005198303,11:52:50
冷煤,大東方,2023/9/19,14:00:00,5005198303,14:29:22
冷煤,大東方,2023/9/19,17:00:00,5005198304,17:58:50
冷煤,大東方,2023/9/20,08:00:00,5005198304,"08:17:14,08:32:33"
冷煤,大東方,2023/9/20,10:00:00,5005198304,10:59:41
冷煤,大東方,2023/9/20,14:00:00,5005198303,14:00:29
冷煤,大東方,2023/9/20,17:00:00,5005198304,"17:54:19,17:54:24"
冷煤,大東方,2023/9/21,11:00:00,5005198303,11:29:37
冷煤,大東方,2023/9/27,14:00:00,5005198304,14:30:13
大門,大南方,2023/5/2,17:00:00,5071920501,17:06:18
冷煤,大南方,2023/5/3,10:00:00,5071920502,10:29:23
冷煤,大南方,2023/5/3,11:00:00,5071920502,"11:03:42,11:31:35,11:40:03"
冷煤,大南方,2023/5/3,13:00:00,5071920502,"13:00:09,13:49:04"
冷煤,大南方,2023/5/3,14:00:00,5071920502,"14:37:45,14:45:45"
冷煤,大南方,2023/5/4,08:00:00,5071920502,"08:00:13,08:12:19,08:25:21"
冷煤,大南方,2023/5/4,09:00:00,5071920502,09:36:08
冷煤,大南方,2023/5/4,10:00:00,5071920502,"10:19:25,10:30:38,10:44:20,10:50:54,10:59:08"
冷煤,大南方,2023/5/4,11:00:00,5071920502,11:33:34
冷煤,大南方,2023/5/4,13:00:00,5071920502,"13:38:46,13:50:15"
冷煤,大南方,2023/5/4,14:00:00,5071920502,"14:16:51,14:22:32,14:38:13,14:48:15,14:53:38"
冷煤,大南方,2023/5/4,15:00:00,5071920502,"15:01:01,15:27:19,15:33:58,15:42:47,15:45:55,15:51:58,15:53:02,15:55:47"
大門,大南方,2023/5/10,07:00:00,5071920501,07:52:41
冷煤,大南方,2023/5/10,09:00:00,5071920502,09:35:06
大門,大南方,2023/5/12,07:00:00,5071920501,07:54:04
冷煤,大南方,2023/5/12,09:00:00,5071920502,"09:04:22,09:34:48,09:59:38"
冷煤,大南方,2023/5/12,10:00:00,5071920502,"10:34:53,10:45:45,10:45:53,10:46:03,10:55:24"
冷煤,大南方,2023/5/12,11:00:00,5071920502,11:12:01
冷煤,大南方,2023/5/12,15:00:00,5071920502,15:28:32
冷煤,大南方,2023/5/16,09:00:00,5071920502,09:49:27
冷煤,大南方,2023/5/16,10:00:00,5071920502,10:52:32
冷煤,大南方,2023/5/16,11:00:00,5071920502,11:42:14
冷煤,大南方,2023/5/18,09:00:00,5071920502,"09:47:09,09:48:47"
冷煤,大南方,2023/5/18,13:00:00,5071920502,"13:36:20,13:54:22"
冷煤,大南方,2023/5/26,08:00:00,5071920502,"08:45:20,08:51:33"
冷煤,大南方,2023/5/26,09:00:00,5071920502,09:09:55
冷煤,大南方,2023/5/26,10:00:00,5071920502,10:10:01
冷煤,大南方,2023/5/26,11:00:00,5071920502,11:42:36
冷煤,大南方,2023/5/26,14:00:00,5071920502,"14:13:13,14:16:37,14:22:26,14:43:47"
冷煤,大南方,2023/5/26,15:00:00,5071920502,15:28:01
冷煤,大南方,2023/5/27,09:00:00,5071920502,09:05:55
冷煤,大南方,2023/5/27,13:00:00,5071920502,"13:32:49,13:48:48"
冷煤,大南方,2023/5/29,10:00:00,5071920502,10:45:45
冷煤,大南方,2023/5/29,11:00:00,5071920502,11:08:25
冷煤,大南方,2023/5/29,13:00:00,5071920502,13:28:30
冷煤,大南方,2023/5/29,14:00:00,5071920502,14:01:28
大門,大南方,2023/5/31,07:00:00,5071920501,07:33:31
大門,大南方,2023/5/31,17:00:00,5071920501,17:34:55
冷煤,大南方,2023/6/6,14:00:00,5071920502,"14:34:05,14:34:12,14:34:16,14:34:26"
冷煤,大南方,2023/6/6,15:00:00,5071920502,"15:17:33,15:17:38"
冷煤,大南方,2023/6/10,09:00:00,5071920502,"09:03:51,09:34:52"
大門,大南方,2023/6/10,13:00:00,5071920501,13:40:35
冷煤,大南方,2023/6/12,11:00:00,5071920502,11:30:23
冷煤,大南方,2023/6/14,11:00:00,5071920502,11:01:00
冷煤,大南方,2023/6/14,15:00:00,5071920502,15:42:05
冷煤,大南方,2023/6/21,13:00:00,5071920502,13:05:05
冷煤,大南方,2023/6/22,09:00:00,5071920502,"09:42:24,09:55:02"
大門,大南方,2023/6/26,06:00:00,5071920501,06:56:29
大門,大南方,2023/6/26,07:00:00,5071920501,07:42:12
冷煤,大南方,2023/6/26,15:00:00,5071920502,15:15:10
大門,大南方,2023/6/27,06:00:00,5071920501,06:47:39
冷煤,大南方,2023/6/27,08:00:00,5071920502,08:27:23
冷煤,大南方,2023/6/27,09:00:00,5071920502,"09:30:29,09:38:17"
冷煤,大南方,2023/6/27,10:00:00,5071920502,10:37:55
冷煤,大南方,2023/6/27,14:00:00,5071920502,14:03:30
大門,大南方,2023/7/4,07:00:00,5071920501,07:58:20
冷煤,大南方,2023/7/4,10:00:00,5071920502,10:15:18
冷煤,大南方,2023/7/5,08:00:00,5071920502,"08:02:13,08:42:47"
冷煤,大南方,2023/7/5,11:00:00,5071920502,"11:11:34,11:21:47,11:24:04,11:25:53,11:28:58,11:41:48"
冷煤,大南方,2023/7/5,15:00:00,5071920502,"15:19:44,15:23:07,15:23:12,15:27:40,15:37:59,15:44:30,15:47:09"
大門,大南方,2023/7/5,17:00:00,5071920501,17:06:43
冷煤,大南方,2023/7/6,09:00:00,5071920502,"09:27:30,09:31:26"
冷煤,大南方,2023/7/6,15:00:00,5071920502,"15:33:31,15:51:10"
冷煤,大南方,2023/7/10,13:00:00,5071920502,13:52:58
大門,大南方,2023/7/10,17:00:00,5071920501,17:32:49
冷煤,大南方,2023/7/14,08:00:00,5071920502,08:16:25
冷煤,大南方,2023/7/14,09:00:00,5071920502,09:00:14
冷煤,大南方,2023/7/14,11:00:00,5071920502,"11:14:30,11:23:12,11:23:15"
冷煤,大南方,2023/7/14,13:00:00,5071920502,"13:27:59,13:28:18"
冷煤,大南方,2023/7/14,14:00:00,5071920502,"14:09:15,14:11:07,14:25:11"
冷煤,大南方,2023/7/18,13:00:00,5071920502,13:36:54
冷煤,大南方,2023/7/20,08:00:00,5071920502,"08:32:58,08:34:48,08:41:56,08:44:29,08:47:20"
冷煤,大南方,2023/7/20,09:00:00,5071920502,09:17:15
冷煤,大南方,2023/7/20,10:00:00,5071920502,"10:23:15,10:48:14"
冷煤,大南方,2023/7/20,11:00:00,5071920502,"11:08:50,11:11:13,11:21:45"
冷煤,大南方,2023/7/20,13:00:00,5071920502,"13:27:25,13:43:55"
冷煤,大南方,2023/7/20,14:00:00,5071920502,"14:00:41,14:00:44,14:01:32,14:16:54,14:17:08,14:17:17,14:41:41,14:48:29"
冷煤,大南方,2023/7/20,15:00:00,5071920502,"15:24:40,15:24:45,15:49:45,15:53:10,15:53:19,15:53:45"
冷煤,大南方,2023/7/22,08:00:00,5071920502,08:02:30
大門,大南方,2023/7/22,08:00:00,5071920501,08:04:48
冷煤,大南方,2023/7/22,09:00:00,5071920502,"09:07:37,09:32:42"
冷煤,大南方,2023/7/22,12:00:00,5071920502,12:49:20
大門,大南方,2023/7/22,13:00:00,5071920501,13:31:03
冷煤,大南方,2023/7/24,10:00:00,5071920502,10:49:49
冷煤,大南方,2023/7/24,14:00:00,5071920502,"14:09:02,14:28:38,14:34:59"
冷煤,大南方,2023/7/24,15:00:00,5071920502,15:26:49
冷煤,大南方,2023/7/26,08:00:00,5071920502,08:47:42
冷煤,大南方,2023/7/26,09:00:00,5071920502,"09:33:25,09:33:28,09:54:45"
冷煤,大南方,2023/7/26,10:00:00,5071920502,"10:30:22,10:54:56"
冷煤,大南方,2023/7/26,13:00:00,5071920502,"13:15:10,13:49:08"
冷煤,大南方,2023/7/26,14:00:00,5071920502,"14:03:04,14:35:12,14:53:13"
冷煤,大南方,2023/7/26,15:00:00,5071920502,"15:01:03,15:16:58"
冷煤,大南方,2023/8/1,09:00:00,5071920502,"09:10:17,09:13:18"
冷煤,大南方,2023/8/1,10:00:00,5071920502,10:41:34
冷煤,大南方,2023/8/1,13:00:00,5071920502,13:27:10
冷煤,大南方,2023/8/1,15:00:00,5071920502,"15:29:59,15:50:46"
冷煤,大南方,2023/8/2,09:00:00,5071920502,09:50:57
冷煤,大南方,2023/8/2,14:00:00,5071920502,"14:05:38,14:06:22"
冷煤,大南方,2023/8/2,15:00:00,5071920502,15:51:40
大門,大南方,2023/8/3,07:00:00,5071920501,07:58:49
冷煤,大南方,2023/8/3,08:00:00,5071920502,08:28:44
冷煤,大南方,2023/8/3,09:00:00,5071920502,"09:08:24,09:08:28"
冷煤,大南方,2023/8/3,14:00:00,5071920502,14:28:56
冷煤,大南方,2023/8/3,15:00:00,5071920502,"15:07:17,15:32:54,15:33:05"
冷煤,大南方,2023/8/7,08:00:00,5071920502,"08:11:37,08:19:47"
冷煤,大南方,2023/8/7,10:00:00,5071920502,"10:26:57,10:56:31"
冷煤,大南方,2023/8/7,11:00:00,5071920502,"11:28:03,11:30:23"
冷煤,大南方,2023/8/7,13:00:00,5071920502,13:10:00
冷煤,大南方,2023/8/7,14:00:00,5071920502,"14:05:26,14:24:04,14:53:19,14:57:56"
冷煤,大南方,2023/8/7,15:00:00,5071920502,15:39:12
冷煤,大南方,2023/8/11,08:00:00,5071920502,08:45:15
冷煤,大南方,2023/8/11,09:00:00,5071920502,"09:13:03,09:41:48"
冷煤,大南方,2023/8/11,11:00:00,5071920502,11:33:38
冷煤,大南方,2023/8/11,13:00:00,5071920502,"13:29:15,13:54:47,13:54:50"
冷煤,大南方,2023/8/11,14:00:00,5071920502,14:27:14
冷煤,大南方,2023/8/11,15:00:00,5071920502,"15:38:43,15:48:11,15:48:17,15:48:23,15:48:29"
冷煤,大南方,2023/8/15,08:00:00,5071920502,"08:24:32,08:40:42,08:55:03"
冷煤,大南方,2023/8/15,09:00:00,5071920502,09:00:16
冷煤,大南方,2023/8/15,10:00:00,5071920502,"10:01:39,10:14:46,10:29:09"
冷煤,大南方,2023/8/15,11:00:00,5071920502,11:11:17
冷煤,大南方,2023/8/15,13:00:00,5071920502,13:51:06
冷煤,大南方,2023/8/15,14:00:00,5071920502,"14:32:42,14:39:25"
冷煤,大南方,2023/8/15,15:00:00,5071920502,15:36:58
大門,大南方,2023/8/17,07:00:00,5071920501,"07:57:59,07:58:31"
冷煤,大南方,2023/8/17,08:00:00,5071920502,"08:22:26,08:42:06"
冷煤,大南方,2023/8/17,09:00:00,5071920502,09:46:15
冷煤,大南方,2023/8/17,10:00:00,5071920502,"10:18:47,10:32:06"
冷煤,大南方,2023/8/17,11:00:00,5071920502,11:27:14
冷煤,大南方,2023/8/17,14:00:00,5071920502,14:08:21
冷煤,大南方,2023/8/19,08:00:00,5071920502,"08:06:56,08:10:40,08:13:15,08:18:36,08:19:51,08:19:53,08:42:07"
冷煤,大南方,2023/8/19,09:00:00,5071920502,09:36:18
冷煤,大南方,2023/8/19,10:00:00,5071920502,10:35:34
冷煤,大南方,2023/8/19,11:00:00,5071920502,"11:04:54,11:28:30"
冷煤,大南方,2023/8/19,14:00:00,5071920502,14:38:53
冷煤,大南方,2023/8/23,08:00:00,5071920502,"08:33:31,08:43:35"
冷煤,大南方,2023/8/23,13:00:00,5071920502,13:17:35
冷煤,大南方,2023/8/23,14:00:00,5071920502,"14:03:38,14:20:42"
大門,大南方,2023/8/24,07:00:00,5071920501,"07:51:28,07:58:10"
冷煤,大南方,2023/8/24,08:00:00,5071920502,08:49:30
冷煤,大南方,2023/8/24,09:00:00,5071920502,09:15:47
冷煤,大南方,2023/8/24,10:00:00,5071920502,10:30:21
冷煤,大南方,2023/8/24,11:00:00,5071920502,"11:09:12,11:21:21,11:41:52,11:42:01"
冷煤,大南方,2023/8/24,13:00:00,5071920502,"13:05:50,13:10:10,13:17:10,13:25:45"
冷煤,大南方,2023/8/24,14:00:00,5071920502,14:19:51
冷煤,大南方,2023/8/24,15:00:00,5071920502,15:17:39
大門,大南方,2023/8/25,07:00:00,5071920501,"07:55:06,07:57:09"
冷煤,大南方,2023/8/25,08:00:00,5071920502,"08:20:10,08:34:29"
冷煤,大南方,2023/8/25,09:00:00,5071920502,09:48:37
冷煤,大南方,2023/8/25,11:00:00,5071920502,11:06:33
冷煤,大南方,2023/8/25,13:00:00,5071920502,"13:19:41,13:46:19,13:51:49,13:51:54"
冷煤,大南方,2023/8/25,14:00:00,5071920502,"14:14:27,14:34:56,14:35:35,14:35:41,14:52:48"
冷煤,大南方,2023/8/25,15:00:00,5071920502,"15:30:58,15:52:21"
冷煤,大南方,2023/8/28,09:00:00,5071920502,09:46:42
冷煤,大南方,2023/8/28,10:00:00,5071920502,"10:29:00,10:34:04"
冷煤,大南方,2023/8/28,11:00:00,5071920502,"11:10:36,11:10:53"
冷煤,大南方,2023/8/28,14:00:00,5071920502,"14:20:11,14:23:37,14:30:48"
大門,大南方,2023/8/29,06:00:00,5071920501,06:27:09
冷煤,大南方,2023/8/29,08:00:00,5071920502,"08:11:00,08:12:07,08:25:50,08:33:39,08:47:54"
冷煤,大南方,2023/8/29,09:00:00,5071920502,"09:11:59,09:17:05,09:17:38,09:18:14,09:24:03,09:59:00"
冷煤,大南方,2023/8/29,10:00:00,5071920502,"10:36:15,10:41:19,10:52:46"
冷煤,大南方,2023/8/29,11:00:00,5071920502,11:21:32
冷煤,大南方,2023/8/29,13:00:00,5071920502,"13:17:46,13:36:44"
冷煤,大南方,2023/8/29,14:00:00,5071920502,14:10:24
大門,大南方,2023/8/30,07:00:00,5071920501,07:58:17
冷煤,大南方,2023/9/7,08:00:00,5071920502,"08:09:02,08:35:01"
冷煤,大南方,2023/9/7,09:00:00,5071920502,"09:29:58,09:31:58"
冷煤,大南方,2023/9/7,10:00:00,5071920502,10:53:24
冷煤,大南方,2023/9/7,13:00:00,5071920502,13:49:42
冷煤,大南方,2023/9/8,08:00:00,5071920502,08:18:25
冷煤,大南方,2023/9/8,09:00:00,5071920502,"09:01:23,09:01:27,09:03:12,09:10:07,09:10:52,09:11:19,09:14:56,09:22:32,09:31:21,09:46:56"
冷煤,大南方,2023/9/8,10:00:00,5071920502,"10:30:31,10:31:21,10:40:58,10:55:38"
冷煤,大南方,2023/9/8,11:00:00,5071920502,"11:10:02,11:10:45,11:14:12,11:30:57"
冷煤,大南方,2023/9/8,13:00:00,5071920502,13:07:10
冷煤,大南方,2023/9/8,14:00:00,5071920502,"14:17:38,14:20:13,14:32:13"
冷煤,大南方,2023/9/8,15:00:00,5071920502,"15:14:09,15:23:23"
冷煤,大南方,2023/9/9,10:00:00,5071920502,10:22:09
大門,大南方,2023/9/11,07:00:00,5071920501,07:57:24
冷煤,大南方,2023/9/11,09:00:00,5071920502,"09:14:22,09:28:30,09:39:48"
冷煤,大南方,2023/9/11,11:00:00,5071920502,11:35:27
冷煤,大南方,2023/9/11,13:00:00,5071920502,"13:04:00,13:36:54,13:58:31"
冷煤,大南方,2023/9/11,14:00:00,5071920502,14:05:16
冷煤,大南方,2023/9/12,08:00:00,5071920502,"08:17:05,08:24:03,08:24:22,08:45:20"
冷煤,大南方,2023/9/12,09:00:00,5071920502,"09:04:38,09:34:38,09:34:42,09:39:21"
冷煤,大南方,2023/9/12,10:00:00,5071920502,"10:15:49,10:55:27,10:55:37"
冷煤,大南方,2023/9/12,11:00:00,5071920502,11:05:20
冷煤,大南方,2023/9/12,13:00:00,5071920502,"13:13:08,13:23:13"
冷煤,大南方,2023/9/12,14:00:00,5071920502,"14:37:24,14:37:32"
冷煤,大南方,2023/9/12,15:00:00,5071920502,"15:13:51,15:18:48,15:27:37,15:48:05,15:53:41"
大門,大南方,2023/9/19,07:00:00,5071920501,07:52:12
冷煤,大南方,2023/9/19,13:00:00,5071920502,13:16:38
冷煤,大南方,2023/9/19,15:00:00,5071920502,15:38:13
大門,大南方,2023/9/20,07:00:00,5071920501,07:54:50
冷煤,大南方,2023/9/20,08:00:00,5071920502,"08:15:45,08:16:53,08:18:55,08:20:47,08:39:33"
冷煤,大南方,2023/9/20,09:00:00,5071920502,"09:37:04,09:49:48"
冷煤,大南方,2023/9/20,11:00:00,5071920502,11:32:40
冷煤,大南方,2023/9/20,13:00:00,5071920502,13:56:05
冷煤,大南方,2023/9/20,14:00:00,5071920502,"14:07:39,14:30:04"
冷煤,大南方,2023/9/25,09:00:00,5071920502,09:45:17
冷煤,大南方,2023/9/25,11:00:00,5071920502,"11:29:03,11:34:22"
冷煤,大南方,2023/9/25,13:00:00,5071920502,13:47:30
冷煤,大南方,2023/9/25,14:00:00,5071920502,14:56:20
大門,大南方,2023/9/27,07:00:00,5071920501,07:52:51
大門,可百勝,2023/5/3,07:00:00,5041527101,07:19:57
冷煤,可百勝,2023/5/3,08:00:00,5041527102,"08:22:30,08:44:21"
冷煤,可百勝,2023/5/3,11:00:00,5041527102,"11:28:20,11:29:21,11:30:56"
冷煤,可百勝,2023/5/3,13:00:00,5041527102,"13:30:43,13:35:12,13:40:25"
冷煤,可百勝,2023/5/3,17:00:00,5041527102,"17:36:10,17:45:11"
冷煤,可百勝,2023/5/3,19:00:00,5041527102,19:38:48
冷煤,可百勝,2023/5/4,08:00:00,5041527102,08:17:00
冷煤,可百勝,2023/5/4,09:00:00,5041527102,09:13:08
冷煤,可百勝,2023/5/4,13:00:00,5041527102,13:20:12
冷煤,可百勝,2023/5/4,15:00:00,5041527102,15:57:33
冷煤,可百勝,2023/5/4,17:00:00,5041527102,"17:28:58,17:41:29"
冷煤,可百勝,2023/5/4,18:00:00,5041527102,"18:11:56,18:26:38"
冷煤,可百勝,2023/5/4,19:00:00,5041527102,19:52:39
冷煤,可百勝,2023/5/8,09:00:00,5041527102,09:03:40
冷煤,可百勝,2023/5/8,17:00:00,5041527102,"17:18:18,17:22:23"
大門,可百勝,2023/5/10,07:00:00,5041527101,07:17:03
冷煤,可百勝,2023/5/10,09:00:00,5041527102,09:20:53
冷煤,可百勝,2023/5/12,09:00:00,5041527102,09:36:06
冷煤,可百勝,2023/5/12,10:00:00,5041527102,10:27:21
冷煤,可百勝,2023/5/12,11:00:00,5041527102,"11:52:43,11:54:53"
冷煤,可百勝,2023/5/12,13:00:00,5041527102,13:08:12
冷煤,可百勝,2023/5/12,14:00:00,5041527102,"14:05:01,14:11:07"
冷煤,可百勝,2023/5/12,15:00:00,5041527102,15:14:26
冷煤,可百勝,2023/5/12,17:00:00,5041527102,17:30:55
冷煤,可百勝,2023/5/12,18:00:00,5041527102,18:18:47
冷煤,可百勝,2023/5/12,19:00:00,5041527102,"19:35:19,19:49:48"
冷煤,可百勝,2023/5/12,20:00:00,5041527102,20:06:14
冷煤,可百勝,2023/5/16,20:00:00,5041527102,20:43:00
冷煤,可百勝,2023/5/18,09:00:00,5041527102,09:09:31
冷煤,可百勝,2023/5/18,10:00:00,5041527102,"10:23:50,10:27:21"
冷煤,可百勝,2023/5/18,11:00:00,5041527102,"11:05:32,11:34:29"
冷煤,可百勝,2023/5/18,13:00:00,5041527102,13:19:11
冷煤,可百勝,2023/5/18,15:00:00,5041527102,"15:02:23,15:10:15,15:22:07,15:40:30"
冷煤,可百勝,2023/5/18,16:00:00,5041527102,"16:20:51,16:41:38"
冷煤,可百勝,2023/5/18,17:00:00,5041527102,"17:09:05,17:10:06,17:28:27,17:28:58,17:43:18,17:48:01"
冷煤,可百勝,2023/5/18,18:00:00,5041527102,"18:04:06,18:07:11,18:07:32,18:30:19"
冷煤,可百勝,2023/5/18,20:00:00,5041527102,"20:14:02,20:31:36,20:34:54,20:40:54"
冷煤,可百勝,2023/5/26,09:00:00,5041527102,"09:14:06,09:18:31"
冷煤,可百勝,2023/5/26,10:00:00,5041527102,"10:21:39,10:45:06"
冷煤,可百勝,2023/5/26,11:00:00,5041527102,11:10:46
冷煤,可百勝,2023/5/26,13:00:00,5041527102,13:49:57
冷煤,可百勝,2023/5/26,14:00:00,5041527102,14:30:38
大門,可百勝,2023/5/27,07:00:00,5041527101,07:30:23
大門,可百勝,2023/5/27,09:00:00,5041527101,"09:16:01,09:45:51"
大門,可百勝,2023/5/27,15:00:00,5041527101,15:52:35
大門,可百勝,2023/5/31,07:00:00,5041527101,07:15:53
冷煤,可百勝,2023/6/6,08:00:00,5041527102,08:21:37
冷煤,可百勝,2023/6/6,10:00:00,5041527102,10:36:35
冷煤,可百勝,2023/6/6,11:00:00,5041527102,"11:41:06,11:49:05"
冷煤,可百勝,2023/6/6,13:00:00,5041527102,13:43:00
冷煤,可百勝,2023/6/6,16:00:00,5041527102,"16:07:31,16:07:46,16:14:29"
冷煤,可百勝,2023/6/6,19:00:00,5041527102,"19:01:33,19:17:21,19:23:41,19:24:00"
冷煤,可百勝,2023/6/6,20:00:00,5041527102,20:21:01
冷煤,可百勝,2023/6/8,11:00:00,5041527102,"11:56:20,11:57:50"
冷煤,可百勝,2023/6/8,18:00:00,5041527102,"18:38:22,18:39:29"
大門,可百勝,2023/6/10,07:00:00,5041527101,07:51:11
冷煤,可百勝,2023/6/10,12:00:00,5041527102,12:24:47
冷煤,可百勝,2023/6/10,13:00:00,5041527102,13:11:30
冷煤,可百勝,2023/6/12,09:00:00,5041527102,09:44:25
冷煤,可百勝,2023/6/12,12:00:00,5041527102,12:26:54
大門,可百勝,2023/6/14,07:00:00,5041527101,07:49:20
冷煤,可百勝,2023/6/14,20:00:00,5041527102,20:04:46
大門,可百勝,2023/6/21,07:00:00,5041527101,07:18:03
大門,可百勝,2023/6/26,18:00:00,5041527101,18:18:25
大門,可百勝,2023/6/30,17:00:00,5041527101,17:09:24
大門,可百勝,2023/7/4,17:00:00,5041527101,17:33:36
大門,可百勝,2023/7/5,07:00:00,5041527101,07:28:00
冷煤,可百勝,2023/7/5,11:00:00,5041527102,11:36:47
冷煤,可百勝,2023/7/5,14:00:00,5041527102,14:11:18
冷煤,可百勝,2023/7/5,17:00:00,5041527102,"17:18:12,17:31:43,17:45:12"
冷煤,可百勝,2023/7/6,10:00:00,5041527102,10:01:54
冷煤,可百勝,2023/7/6,11:00:00,5041527102,11:27:58
冷煤,可百勝,2023/7/6,13:00:00,5041527102,13:10:03
冷煤,可百勝,2023/7/6,17:00:00,5041527102,17:19:25
冷煤,可百勝,2023/7/6,18:00:00,5041527102,"18:18:27,18:29:55,18:40:24"
冷煤,可百勝,2023/7/14,10:00:00,5041527102,10:50:34
冷煤,可百勝,2023/7/14,14:00:00,5041527102,14:57:29
冷煤,可百勝,2023/7/14,15:00:00,5041527102,"15:40:11,15:53:45"
冷煤,可百勝,2023/7/14,16:00:00,5041527102,16:03:53
大門,可百勝,2023/7/14,17:00:00,5041527101,17:09:13
大門,可百勝,2023/7/14,18:00:00,5041527101,18:44:47
冷煤,可百勝,2023/7/14,19:00:00,5041527102,19:13:49
冷煤,可百勝,2023/7/20,08:00:00,5041527102,08:52:20
冷煤,可百勝,2023/7/20,10:00:00,5041527102,10:00:47
冷煤,可百勝,2023/7/20,12:00:00,5041527102,12:20:30
冷煤,可百勝,2023/7/20,15:00:00,5041527102,15:01:53
大門,可百勝,2023/7/20,18:00:00,5041527101,18:55:40
大門,可百勝,2023/7/22,07:00:00,5041527101,07:32:27
冷煤,可百勝,2023/7/22,14:00:00,5041527102,14:51:43
冷煤,可百勝,2023/7/24,13:00:00,5041527102,13:50:50
冷煤,可百勝,2023/7/24,14:00:00,5041527102,14:49:39
冷煤,可百勝,2023/7/24,15:00:00,5041527102,15:09:23
大門,可百勝,2023/7/26,07:00:00,5041527101,07:29:18
冷煤,可百勝,2023/8/1,16:00:00,5041527102,16:07:06
冷煤,可百勝,2023/8/1,18:00:00,5041527102,18:13:54
大門,可百勝,2023/8/2,07:00:00,5041527101,07:21:26
冷煤,可百勝,2023/8/2,10:00:00,5041527102,"10:50:32,10:57:21"
冷煤,可百勝,2023/8/2,13:00:00,5041527102,13:40:42
冷煤,可百勝,2023/8/2,16:00:00,5041527102,16:20:23
冷煤,可百勝,2023/8/2,18:00:00,5041527102,18:06:32
冷煤,可百勝,2023/8/2,19:00:00,5041527102,"19:14:52,19:30:40"
冷煤,可百勝,2023/8/3,16:00:00,5041527102,"16:56:22,16:56:27"
冷煤,可百勝,2023/8/7,19:00:00,5041527102,19:11:27
冷煤,可百勝,2023/8/11,10:00:00,5041527102,10:08:01
冷煤,可百勝,2023/8/11,15:00:00,5041527102,15:33:03
大門,可百勝,2023/8/11,17:00:00,5041527101,"17:01:52,17:33:29"
冷煤,可百勝,2023/8/15,13:00:00,5041527102,13:13:08
冷煤,可百勝,2023/8/15,14:00:00,5041527102,14:21:07
冷煤,可百勝,2023/8/15,15:00:00,5041527102,15:31:01
大門,可百勝,2023/8/15,19:00:00,5041527101,19:44:02
冷煤,可百勝,2023/8/17,09:00:00,5041527102,09:44:26
冷煤,可百勝,2023/8/17,15:00:00,5041527102,15:19:26
冷煤,可百勝,2023/8/17,16:00:00,5041527102,16:00:41
冷煤,可百勝,2023/8/17,20:00:00,5041527102,"20:19:18,20:44:21"
大門,可百勝,2023/8/19,07:00:00,5041527101,07:33:44
大門,可百勝,2023/8/23,07:00:00,5041527101,07:52:18
冷煤,可百勝,2023/8/24,14:00:00,5041527102,14:24:46
冷煤,可百勝,2023/8/24,15:00:00,5041527102,15:41:29
冷煤,可百勝,2023/8/24,16:00:00,5041527102,16:13:58
冷煤,可百勝,2023/8/25,16:00:00,5041527102,16:13:46
冷煤,可百勝,2023/8/28,15:00:00,5041527102,15:02:57
大門,可百勝,2023/8/30,07:00:00,5041527101,07:17:22
冷煤,可百勝,2023/9/7,15:00:00,5041527102,15:12:47
冷煤,可百勝,2023/9/7,19:00:00,5041527102,19:28:44
冷煤,可百勝,2023/9/8,14:00:00,5041527102,14:02:42
大門,可百勝,2023/9/9,07:00:00,5041527101,07:44:23
大門,可百勝,2023/9/9,09:00:00,5041527101,09:06:48
冷煤,可百勝,2023/9/11,10:00:00,5041527102,10:08:46
冷煤,可百勝,2023/9/11,11:00:00,5041527102,11:44:19
冷煤,可百勝,2023/9/11,17:00:00,5041527102,17:43:50
冷煤,可百勝,2023/9/12,13:00:00,5041527102,13:34:49
冷煤,可百勝,2023/9/12,15:00:00,5041527102,15:37:49
冷煤,可百勝,2023/9/12,17:00:00,5041527102,"17:35:05,17:37:49,17:44:55"
大門,可百勝,2023/9/20,07:00:00,5041527101,07:31:29
冷煤,可百勝,2023/9/21,17:00:00,5041527102,17:36:21
大門,可百勝,2023/9/27,07:00:00,5041527101,07:40:25
冷煤,弘光,2023/5/2,17:00:00,5071927717,17:45:04
冷煤,弘光,2023/5/2,19:00:00,5071927717,19:31:41
冷煤,弘光,2023/5/3,08:00:00,5071927717,08:37:18
冷煤,弘光,2023/5/3,10:00:00,5071927717,10:47:23
冷煤,弘光,2023/5/3,14:00:00,5071927717,14:49:29
冷煤,弘光,2023/5/3,15:00:00,5071927717,15:17:49
冷煤,弘光,2023/5/3,17:00:00,5071927717,17:50:19
冷煤,弘光,2023/5/3,18:00:00,5071927717,18:10:27
冷煤,弘光,2023/5/3,19:00:00,5071927717,19:32:51
冷煤,弘光,2023/5/4,09:00:00,5071927717,09:03:00
冷煤,弘光,2023/5/4,13:00:00,5071927717,13:23:56
冷煤,弘光,2023/5/4,15:00:00,5071927717,"15:21:46,15:26:36"
冷煤,弘光,2023/5/4,16:00:00,5071927717,16:40:23
冷煤,弘光,2023/5/4,17:00:00,5071927717,"17:06:34,17:22:17,17:35:48"
冷煤,弘光,2023/5/4,19:00:00,5071927717,"19:10:44,19:32:50,19:40:47,19:50:45,19:59:28"
冷煤,弘光,2023/5/4,20:00:00,5071927717,20:22:42
冷煤,弘光,2023/5/8,17:00:00,5071927717,17:44:46
冷煤,弘光,2023/5/8,18:00:00,5071927717,"18:46:37,18:46:46,18:57:28,18:58:55"
冷煤,弘光,2023/5/8,19:00:00,5071927717,19:42:52
冷煤,弘光,2023/5/10,09:00:00,5071927717,09:30:56
冷煤,弘光,2023/5/10,11:00:00,5071927717,"11:09:03,11:47:59"
冷煤,弘光,2023/5/10,15:00:00,5071927717,"15:12:05,15:26:59,15:27:42"
冷煤,弘光,2023/5/10,16:00:00,5071927717,"16:40:34,16:42:27,16:42:32"
冷煤,弘光,2023/5/10,17:00:00,5071927717,"17:22:54,17:54:12"
冷煤,弘光,2023/5/10,19:00:00,5071927717,19:09:20
冷煤,弘光,2023/5/10,20:00:00,5071927717,20:21:01
冷煤,弘光,2023/5/12,09:00:00,5071927717,"09:28:37,09:47:16"
冷煤,弘光,2023/5/12,10:00:00,5071927717,10:25:36
冷煤,弘光,2023/5/12,11:00:00,5071927717,"11:09:44,11:12:39"
冷煤,弘光,2023/5/12,13:00:00,5071927717,"13:13:40,13:31:04"
冷煤,弘光,2023/5/12,15:00:00,5071927717,15:56:44
冷煤,弘光,2023/5/12,16:00:00,5071927717,"16:18:40,16:32:51"
冷煤,弘光,2023/5/12,17:00:00,5071927717,17:39:18
冷煤,弘光,2023/5/12,18:00:00,5071927717,18:03:06
冷煤,弘光,2023/5/12,19:00:00,5071927717,"19:16:09,19:18:04"
冷煤,弘光,2023/5/12,20:00:00,5071927717,20:07:47
冷煤,弘光,2023/5/16,09:00:00,5071927717,"09:32:50,09:54:47"
冷煤,弘光,2023/5/16,10:00:00,5071927717,"10:21:13,10:30:48,10:31:12,10:42:05"
冷煤,弘光,2023/5/16,11:00:00,5071927717,"11:15:45,11:54:55"
冷煤,弘光,2023/5/18,08:00:00,5071927717,08:59:40
冷煤,弘光,2023/5/18,09:00:00,5071927717,"09:15:43,09:45:57"
冷煤,弘光,2023/5/18,10:00:00,5071927717,"10:44:03,10:56:06"
冷煤,弘光,2023/5/18,11:00:00,5071927717,"11:17:41,11:29:36,11:42:43"
冷煤,弘光,2023/5/18,13:00:00,5071927717,"13:15:50,13:33:22"
冷煤,弘光,2023/5/18,14:00:00,5071927717,14:19:43
冷煤,弘光,2023/5/18,15:00:00,5071927717,15:17:38
冷煤,弘光,2023/5/18,16:00:00,5071927717,16:10:40
冷煤,弘光,2023/5/18,17:00:00,5071927717,"17:20:49,17:40:50"
冷煤,弘光,2023/5/18,18:00:00,5071927717,"18:39:12,18:47:24"
冷煤,弘光,2023/5/18,19:00:00,5071927717,19:53:24
冷煤,弘光,2023/5/18,20:00:00,5071927717,20:06:46
冷煤,弘光,2023/6/6,16:00:00,5071927717,"16:04:14,16:19:28,16:19:30,16:19:31,16:19:35,16:19:38,16:19:45"
冷煤,弘光,2023/6/6,17:00:00,5071927717,17:27:07
冷煤,弘光,2023/6/6,19:00:00,5071927717,19:55:06
冷煤,弘光,2023/6/8,09:00:00,5071927717,09:56:25
冷煤,弘光,2023/6/8,16:00:00,5071927717,16:55:45
冷煤,弘光,2023/6/10,08:00:00,5071927717,08:21:17
冷煤,弘光,2023/6/10,09:00:00,5071927717,09:31:54
冷煤,弘光,2023/6/10,11:00:00,5071927717,11:37:37
冷煤,弘光,2023/6/10,17:00:00,5071927717,17:50:30
冷煤,弘光,2023/6/10,20:00:00,5071927717,20:14:35
冷煤,弘光,2023/6/12,11:00:00,5071927717,"11:14:41,11:17:29"
冷煤,弘光,2023/6/12,16:00:00,5071927717,"16:11:46,16:43:39"
冷煤,弘光,2023/6/12,18:00:00,5071927717,"18:51:45,18:55:48"
冷煤,弘光,2023/6/12,19:00:00,5071927717,19:38:21
冷煤,弘光,2023/6/12,20:00:00,5071927717,"20:18:52,20:31:00,20:31:30"
冷煤,弘光,2023/6/14,11:00:00,5071927717,11:42:26
冷煤,弘光,2023/6/14,14:00:00,5071927717,14:22:40
冷煤,弘光,2023/6/14,15:00:00,5071927717,"15:33:07,15:52:38"
冷煤,弘光,2023/6/14,16:00:00,5071927717,"16:12:15,16:42:19,16:59:08"
冷煤,弘光,2023/6/14,19:00:00,5071927717,"19:22:32,19:22:50"
冷煤,弘光,2023/6/16,10:00:00,5071927717,10:18:38
冷煤,弘光,2023/6/16,11:00:00,5071927717,"11:00:18,11:18:51,11:18:55,11:34:54"
冷煤,弘光,2023/6/16,13:00:00,5071927717,13:29:13
冷煤,弘光,2023/6/16,14:00:00,5071927717,"14:06:32,14:06:38,14:40:18"
冷煤,弘光,2023/6/16,15:00:00,5071927717,"15:04:18,15:04:19"
冷煤,弘光,2023/6/16,18:00:00,5071927717,"18:18:53,18:38:33,18:38:54,18:38:59,18:39:03,18:39:08,18:39:14"
冷煤,弘光,2023/6/21,08:00:00,5071927717,08:20:07
冷煤,弘光,2023/6/21,09:00:00,5071927717,"09:30:22,09:45:37"
冷煤,弘光,2023/6/21,10:00:00,5071927717,"10:01:27,10:33:58,10:35:18,10:35:29"
冷煤,弘光,2023/6/21,13:00:00,5071927717,13:40:16
冷煤,弘光,2023/6/21,15:00:00,5071927717,15:31:40
冷煤,弘光,2023/6/21,20:00:00,5071927717,20:17:47
大門,弘光,2023/6/26,07:00:00,5071927704,07:23:44
冷煤,弘光,2023/6/26,09:00:00,5071927717,09:37:41
冷煤,弘光,2023/6/26,11:00:00,5071927717,"11:44:42,11:58:31"
冷煤,弘光,2023/6/26,17:00:00,5071927717,17:59:01
冷煤,弘光,2023/7/4,18:00:00,5071927717,"18:24:36,18:37:55,18:49:18"
冷煤,弘光,2023/7/4,19:00:00,5071927717,19:51:17
冷煤,弘光,2023/7/4,20:00:00,5071927717,20:08:42
冷煤,弘光,2023/7/5,09:00:00,5071927717,"09:19:29,09:22:33,09:42:43"
冷煤,弘光,2023/7/5,16:00:00,5071927717,16:40:22
冷煤,弘光,2023/7/5,18:00:00,5071927717,"18:24:09,18:29:27,18:58:03"
冷煤,弘光,2023/7/5,19:00:00,5071927717,"19:29:30,19:31:27"
大門,弘光,2023/7/6,07:00:00,5071927704,"07:58:58,07:59:25"
冷煤,弘光,2023/7/6,08:00:00,5071927717,08:14:17
冷煤,弘光,2023/7/6,09:00:00,5071927717,"09:12:13,09:25:06,09:25:10"
冷煤,弘光,2023/7/6,11:00:00,5071927717,"11:19:51,11:27:19,11:32:03,11:42:31"
冷煤,弘光,2023/7/6,13:00:00,5071927717,13:13:53
冷煤,弘光,2023/7/6,14:00:00,5071927717,"14:25:59,14:52:13"
冷煤,弘光,2023/7/6,15:00:00,5071927717,"15:21:16,15:38:07"
冷煤,弘光,2023/7/6,16:00:00,5071927717,"16:17:41,16:17:44"
冷煤,弘光,2023/7/6,18:00:00,5071927717,18:31:55
冷煤,弘光,2023/7/6,20:00:00,5071927717,20:26:37
大門,弘光,2023/7/10,07:00:00,5071927704,"07:14:45,07:21:19"
冷煤,弘光,2023/7/10,11:00:00,5071927717,11:12:01
冷煤,弘光,2023/7/10,13:00:00,5071927717,13:49:29
冷煤,弘光,2023/7/10,19:00:00,5071927717,19:39:32
冷煤,弘光,2023/7/10,20:00:00,5071927717,20:25:12
冷煤,弘光,2023/7/14,09:00:00,5071927717,09:28:36
冷煤,弘光,2023/7/14,11:00:00,5071927717,"11:27:14,11:34:59,11:37:47"
冷煤,弘光,2023/7/14,13:00:00,5071927717,13:03:56
冷煤,弘光,2023/7/14,14:00:00,5071927717,14:39:24
冷煤,弘光,2023/7/14,15:00:00,5071927717,"15:53:49,15:55:58"
冷煤,弘光,2023/7/14,16:00:00,5071927717,16:42:28
冷煤,弘光,2023/7/14,17:00:00,5071927717,17:55:28
大門,弘光,2023/7/14,17:00:00,5071927704,17:11:04
冷煤,弘光,2023/7/14,18:00:00,5071927717,18:55:57
冷煤,弘光,2023/7/14,19:00:00,5071927717,19:36:03
冷煤,弘光,2023/7/16,09:00:00,5071927717,09:41:57
冷煤,弘光,2023/7/16,10:00:00,5071927717,"10:16:36,10:16:41,10:16:46,10:39:34,10:39:44"
冷煤,弘光,2023/7/16,14:00:00,5071927717,"14:17:05,14:53:34"
冷煤,弘光,2023/7/18,09:00:00,5071927717,09:44:16
冷煤,弘光,2023/7/18,17:00:00,5071927717,17:51:45
冷煤,弘光,2023/7/18,18:00:00,5071927717,18:20:08
冷煤,弘光,2023/7/20,09:00:00,5071927717,09:22:34
冷煤,弘光,2023/7/20,11:00:00,5071927717,11:36:56
冷煤,弘光,2023/7/20,13:00:00,5071927717,"13:22:41,13:32:30"
冷煤,弘光,2023/7/20,16:00:00,5071927717,"16:13:41,16:13:45,16:13:47,16:13:50"
冷煤,弘光,2023/7/20,17:00:00,5071927717,"17:20:12,17:27:26,17:38:13"
冷煤,弘光,2023/7/20,19:00:00,5071927717,"19:01:27,19:11:12"
冷煤,弘光,2023/7/20,20:00:00,5071927717,20:16:01
冷煤,弘光,2023/7/22,09:00:00,5071927717,"09:07:10,09:24:43"
冷煤,弘光,2023/7/22,13:00:00,5071927717,"13:21:00,13:21:03,13:21:11,13:21:14,13:22:30,13:26:52,13:27:10,13:27:25,13:27:28,13:27:35,13:37:14,13:37:19,13:37:50,13:37:57"
冷煤,弘光,2023/7/22,15:00:00,5071927717,15:28:18
冷煤,弘光,2023/7/22,16:00:00,5071927717,"16:08:47,16:08:55,16:09:56,16:11:30"
冷煤,弘光,2023/7/22,18:00:00,5071927717,"18:18:24,18:18:30"
冷煤,弘光,2023/7/22,20:00:00,5071927717,"20:02:17,20:02:19,20:08:10"
冷煤,弘光,2023/7/24,08:00:00,5071927717,"08:22:17,08:40:17,08:49:19"
冷煤,弘光,2023/7/24,09:00:00,5071927717,"09:01:10,09:47:43"
冷煤,弘光,2023/7/24,10:00:00,5071927717,10:02:39
冷煤,弘光,2023/7/24,14:00:00,5071927717,14:21:51
冷煤,弘光,2023/7/24,15:00:00,5071927717,15:46:05
冷煤,弘光,2023/7/24,16:00:00,5071927717,16:21:04
冷煤,弘光,2023/7/24,17:00:00,5071927717,"17:10:46,17:24:22"
冷煤,弘光,2023/7/24,18:00:00,5071927717,"18:34:06,18:54:38"
冷煤,弘光,2023/7/24,19:00:00,5071927717,19:56:25
冷煤,弘光,2023/7/24,20:00:00,5071927717,20:16:43
大門,弘光,2023/8/1,07:00:00,5071927704,07:59:08
冷煤,弘光,2023/8/1,10:00:00,5071927717,10:37:45
冷煤,弘光,2023/8/1,14:00:00,5071927717,"14:19:02,14:35:10"
冷煤,弘光,2023/8/1,16:00:00,5071927717,"16:03:48,16:07:44,16:38:17,16:48:39"
冷煤,弘光,2023/8/1,17:00:00,5071927717,17:25:33
冷煤,弘光,2023/8/2,08:00:00,5071927717,08:19:46
冷煤,弘光,2023/8/2,09:00:00,5071927717,"09:04:27,09:04:58,09:05:05,09:48:25"
冷煤,弘光,2023/8/2,14:00:00,5071927717,14:21:21
冷煤,弘光,2023/8/2,16:00:00,5071927717,16:45:00
冷煤,弘光,2023/8/2,20:00:00,5071927717,20:20:39
冷煤,弘光,2023/8/3,08:00:00,5071927717,"08:28:27,08:28:33"
冷煤,弘光,2023/8/3,11:00:00,5071927717,11:03:28
冷煤,弘光,2023/8/3,16:00:00,5071927717,"16:13:30,16:32:13"
冷煤,弘光,2023/8/3,19:00:00,5071927717,19:50:07
冷煤,弘光,2023/8/7,10:00:00,5071927717,"10:20:10,10:36:25"
冷煤,弘光,2023/8/7,12:00:00,5071927717,12:01:20
冷煤,弘光,2023/8/7,13:00:00,5071927717,13:36:25
冷煤,弘光,2023/8/7,14:00:00,5071927717,"14:05:10,14:09:14"
冷煤,弘光,2023/8/7,16:00:00,5071927717,16:06:39
冷煤,弘光,2023/8/7,17:00:00,5071927717,17:22:46
冷煤,弘光,2023/8/7,18:00:00,5071927717,18:27:35
冷煤,弘光,2023/8/7,19:00:00,5071927717,19:32:22
冷煤,弘光,2023/8/7,20:00:00,5071927717,20:18:18
冷煤,弘光,2023/8/11,08:00:00,5071927717,08:35:12
冷煤,弘光,2023/8/11,10:00:00,5071927717,"10:56:08,10:56:15"
冷煤,弘光,2023/8/11,11:00:00,5071927717,11:40:21
冷煤,弘光,2023/8/11,14:00:00,5071927717,14:22:44
冷煤,弘光,2023/8/11,16:00:00,5071927717,16:26:37
冷煤,弘光,2023/8/11,17:00:00,5071927717,"17:41:20,17:48:10"
冷煤,弘光,2023/8/11,19:00:00,5071927717,19:40:01
冷煤,弘光,2023/8/13,10:00:00,5071927717,"10:26:28,10:26:31,10:26:33,10:28:15,10:34:17"
冷煤,弘光,2023/8/13,11:00:00,5071927717,11:40:25
冷煤,弘光,2023/8/13,13:00:00,5071927717,"13:12:00,13:12:02,13:12:04,13:12:14"
冷煤,弘光,2023/8/13,14:00:00,5071927717,"14:02:53,14:02:55,14:02:57,14:02:59,14:03:04,14:16:59,14:17:25"
冷煤,弘光,2023/8/13,15:00:00,5071927717,15:46:35
冷煤,弘光,2023/8/15,08:00:00,5071927717,08:45:00
冷煤,弘光,2023/8/15,09:00:00,5071927717,"09:04:52,09:09:36,09:50:14"
冷煤,弘光,2023/8/15,13:00:00,5071927717,13:18:23
冷煤,弘光,2023/8/15,14:00:00,5071927718,14:05:19
冷煤,弘光,2023/8/15,15:00:00,5071927717,15:29:21
冷煤,弘光,2023/8/15,16:00:00,5071927717,16:36:31
冷煤,弘光,2023/8/15,17:00:00,5071927717,17:29:41
冷煤,弘光,2023/8/15,18:00:00,5071927717,"18:13:09,18:23:08,18:48:25"
冷煤,弘光,2023/8/17,09:00:00,5071927717,"09:23:56,09:24:00"
冷煤,弘光,2023/8/17,10:00:00,5071927717,"10:27:24,10:37:50,10:37:55"
冷煤,弘光,2023/8/17,13:00:00,5071927717,"13:38:36,13:44:05"
冷煤,弘光,2023/8/17,16:00:00,5071927717,16:03:16
冷煤,弘光,2023/8/17,17:00:00,5071927717,17:09:52
冷煤,弘光,2023/8/17,18:00:00,5071927717,"18:11:22,18:31:06"
冷煤,弘光,2023/8/17,20:00:00,5071927717,"20:09:33,20:19:36"
冷煤,弘光,2023/8/19,09:00:00,5071927717,"09:29:32,09:41:01,09:41:08"
冷煤,弘光,2023/8/19,10:00:00,5071927717,"10:29:00,10:29:09"
冷煤,弘光,2023/8/19,11:00:00,5071927717,11:12:55
冷煤,弘光,2023/8/19,13:00:00,5071927717,13:12:29
冷煤,弘光,2023/8/19,14:00:00,5071927717,14:32:27
冷煤,弘光,2023/8/19,15:00:00,5071927717,"15:20:41,15:50:13"
冷煤,弘光,2023/8/19,18:00:00,5071927717,"18:08:39,18:08:41,18:08:45"
冷煤,弘光,2023/8/23,09:00:00,5071927717,09:40:28
冷煤,弘光,2023/8/23,10:00:00,5071927717,10:39:50
冷煤,弘光,2023/8/23,11:00:00,5071927717,"11:07:17,11:12:13"
冷煤,弘光,2023/8/23,14:00:00,5071927717,14:38:44
冷煤,弘光,2023/8/23,16:00:00,5071927717,"16:07:16,16:07:56"
冷煤,弘光,2023/8/23,17:00:00,5071927717,"17:16:00,17:23:12,17:44:48"
冷煤,弘光,2023/8/23,18:00:00,5071927717,"18:36:10,18:48:38"
冷煤,弘光,2023/8/23,19:00:00,5071927717,"19:28:11,19:45:10"
冷煤,弘光,2023/8/23,20:00:00,5071927717,20:23:54
冷煤,弘光,2023/8/24,08:00:00,5071927717,"08:22:36,08:36:00"
冷煤,弘光,2023/8/24,09:00:00,5071927717,09:46:27
冷煤,弘光,2023/8/24,11:00:00,5071927717,11:48:41
冷煤,弘光,2023/8/24,13:00:00,5071927717,"13:17:48,13:28:15"
冷煤,弘光,2023/8/24,17:00:00,5071927717,"17:37:12,17:59:08"
冷煤,弘光,2023/8/24,19:00:00,5071927717,19:42:51
冷煤,弘光,2023/8/25,10:00:00,5071927717,10:46:22
冷煤,弘光,2023/8/25,14:00:00,5071927717,"14:25:34,14:25:36"
冷煤,弘光,2023/9/7,11:00:00,5071927717,11:45:45
冷煤,弘光,2023/9/7,18:00:00,5071927717,"18:26:18,18:41:31"
冷煤,弘光,2023/9/7,20:00:00,5071927717,20:18:37
冷煤,弘光,2023/9/8,08:00:00,5071927717,08:46:04
冷煤,弘光,2023/9/8,18:00:00,5071927717,"18:50:08,18:50:11"
冷煤,弘光,2023/9/8,19:00:00,5071927717,19:38:03
冷煤,弘光,2023/9/8,20:00:00,5071927717,20:00:22
冷煤,弘光,2023/9/9,09:00:00,5071927717,"09:32:53,09:32:57,09:33:45,09:34:14,09:34:19,09:34:22,09:34:31,09:34:34,09:34:38,09:34:44,09:34:48,09:35:00,09:35:04,09:35:21"
冷煤,弘光,2023/9/9,11:00:00,5071927717,11:01:37
冷煤,弘光,2023/9/11,13:00:00,5071927717,13:45:46
冷煤,弘光,2023/9/11,14:00:00,5071927717,14:29:15
冷煤,弘光,2023/9/11,15:00:00,5071927718,15:18:20
冷煤,弘光,2023/9/11,16:00:00,5071927717,16:26:03
冷煤,弘光,2023/9/11,20:00:00,5071927717,20:13:12
冷煤,弘光,2023/9/12,11:00:00,5071927717,11:16:55
冷煤,弘光,2023/9/12,16:00:00,5071927717,"16:39:48,16:46:01"
冷煤,弘光,2023/9/17,10:00:00,5071927717,10:11:43
冷煤,弘光,2023/9/17,11:00:00,5071927717,"11:27:46,11:27:50,11:46:47,11:46:55"
冷煤,弘光,2023/9/17,16:00:00,5071927717,"16:06:30,16:23:30"
冷煤,弘光,2023/9/19,10:00:00,5071927717,"10:25:43,10:37:17,10:59:15"
冷煤,弘光,2023/9/19,11:00:00,5071927717,11:50:06
冷煤,弘光,2023/9/19,13:00:00,5071927717,13:32:53
冷煤,弘光,2023/9/19,16:00:00,5071927717,16:31:22
冷煤,弘光,2023/9/19,17:00:00,5071927717,17:41:20
大門,弘光,2023/9/19,17:00:00,5071927704,17:03:01
冷煤,弘光,2023/9/19,20:00:00,5071927717,"20:03:18,20:33:23,20:33:40"
冷煤,弘光,2023/9/20,11:00:00,5071927717,11:46:08
冷煤,弘光,2023/9/20,15:00:00,5071927717,15:29:44
冷煤,弘光,2023/9/20,16:00:00,5071927717,16:18:08
冷煤,弘光,2023/9/20,17:00:00,5071927717,17:43:22
冷煤,弘光,2023/9/20,18:00:00,5071927717,18:44:21
冷煤,弘光,2023/9/21,10:00:00,5071927717,"10:45:30,10:45:43,10:45:50"
冷煤,弘光,2023/9/21,16:00:00,5071927717,"16:14:57,16:15:10,16:15:20"
冷煤,弘光,2023/9/21,18:00:00,5071927717,"18:08:04,18:08:11"
冷煤,弘光,2023/9/21,20:00:00,5071927717,"20:12:43,20:12:45"
冷煤,弘光,2023/9/27,09:00:00,5071927717,09:43:56
冷煤,弘光,2023/9/27,10:00:00,5071927717,"10:25:04,10:25:05,10:25:07,10:25:11,10:25:14,10:25:16,10:25:17,10:25:23,10:32:54,10:32:59,10:38:32,10:42:21,10:53:53"
冷煤,宏青,2023/5/3,08:00:00,5071922112,"08:44:35,08:50:17"
冷煤,宏青,2023/5/3,09:00:00,5071922112,"09:32:14,09:43:12"
冷煤,宏青,2023/5/3,10:00:00,5071922112,10:56:50
冷煤,宏青,2023/5/3,15:00:00,5071922112,15:39:18
冷煤,宏青,2023/5/4,08:00:00,5071922112,08:59:04
冷煤,宏青,2023/5/4,11:00:00,5071922112,11:15:03
冷煤,宏青,2023/5/8,09:00:00,5071922112,09:39:11
冷煤,宏青,2023/5/8,13:00:00,5071922112,"13:23:14,13:40:48"
冷煤,宏青,2023/5/10,10:00:00,5071922112,10:28:03
冷煤,宏青,2023/5/10,11:00:00,5071922112,"11:16:17,11:44:13"
冷煤,宏青,2023/5/10,14:00:00,5071922112,14:09:48
冷煤,宏青,2023/5/12,10:00:00,5071922112,10:33:57
冷煤,宏青,2023/5/12,11:00:00,5071922112,11:03:39
冷煤,宏青,2023/5/12,14:00:00,5071922112,14:26:44
冷煤,宏青,2023/5/12,15:00:00,5071922112,15:27:51
冷煤,宏青,2023/5/18,10:00:00,5071922112,10:07:55
冷煤,宏青,2023/5/18,11:00:00,5071922112,11:39:17
冷煤,宏青,2023/5/18,13:00:00,5071922112,"13:28:13,13:34:31"
大門,宏青,2023/5/26,07:00:00,5071922101,07:37:50
冷煤,宏青,2023/5/26,13:00:00,5071922112,13:24:02
冷煤,宏青,2023/5/26,14:00:00,5071922112,"14:57:24,14:59:43"
冷煤,宏青,2023/5/27,10:00:00,5071922112,10:54:04
大門,宏青,2023/5/30,07:00:00,5071922101,07:31:18
大門,宏青,2023/5/31,17:00:00,5071922101,17:12:04
冷煤,宏青,2023/6/8,08:00:00,5071922112,08:54:00
大門,宏青,2023/6/10,08:00:00,5071922101,08:41:36
冷煤,宏青,2023/6/12,09:00:00,5071922112,09:50:16
冷煤,宏青,2023/6/27,15:00:00,5071922112,15:40:55
大門,宏青,2023/6/27,17:00:00,5071922101,17:06:00
冷煤,宏青,2023/7/5,15:00:00,5071922112,15:29:41
大門,宏青,2023/7/6,07:00:00,5071922101,07:24:52
冷煤,宏青,2023/7/6,15:00:00,5071922112,"15:39:32,15:39:37"
大門,宏青,2023/7/10,07:00:00,5071922101,07:43:00
冷煤,宏青,2023/7/10,14:00:00,5071922112,14:16:43
冷煤,宏青,2023/7/14,11:00:00,5071922112,11:31:36
大門,宏青,2023/7/20,07:00:00,5071922101,07:20:11
冷煤,宏青,2023/7/24,09:00:00,5071922112,09:32:34
冷煤,宏青,2023/7/24,14:00:00,5071922112,14:31:03
冷煤,宏青,2023/7/26,11:00:00,5071922112,11:41:02
冷煤,宏青,2023/8/2,09:00:00,5071922112,09:22:49
冷煤,宏青,2023/8/2,14:00:00,5071922112,14:39:29
冷煤,宏青,2023/8/17,10:00:00,5071922112,10:04:28
冷煤,宏青,2023/8/17,11:00:00,5071922112,11:24:22
冷煤,宏青,2023/8/17,13:00:00,5071922112,"13:03:34,13:03:40,13:03:46,13:03:52"
大門,宏青,2023/8/23,06:00:00,5071922101,06:51:25
冷煤,宏青,2023/8/23,11:00:00,5071922112,11:06:36
冷煤,宏青,2023/8/25,11:00:00,5071922112,11:23:32
大門,宏青,2023/8/29,07:00:00,5071922101,07:53:13
大門,宏青,2023/8/30,07:00:00,5071922101,07:32:17
冷煤,宏青,2023/9/12,08:00:00,5071922112,08:36:14
大門,宏青,2023/9/19,07:00:00,5071922101,07:36:52
冷煤,宏青,2023/9/19,11:00:00,5071922112,11:45:07
大門,宏青,2023/9/19,20:00:00,5071922101,20:16:13
大門,宏青,2023/9/25,07:00:00,5071922101,07:13:25
大門,佳龍,2023/5/10,17:00:00,5004517501,"17:23:42,17:26:26"
大門,佳龍,2023/5/18,05:00:00,5004517501,05:31:51
大門,佳龍,2023/5/18,07:00:00,5004517501,07:19:12
大門,佳龍,2023/5/18,17:00:00,5004517501,17:33:51
大門,佳龍,2023/5/26,17:00:00,5004517501,17:05:13
大門,佳龍,2023/5/27,05:00:00,5004517501,05:32:34
大門,城礦,2023/5/2,17:00:00,5004529401,17:18:48
大門,城礦,2023/5/8,17:00:00,5004529401,17:34:37
大門,城礦,2023/5/10,17:00:00,5004529401,17:05:09
大門,城礦,2023/5/16,06:00:00,5004529401,06:24:47
大門,城礦,2023/5/27,06:00:00,5004529401,06:46:05
大門,城礦,2023/6/10,06:00:00,5004529401,06:27:31
大門,城礦,2023/7/5,07:00:00,5004529401,07:50:55
大門,城礦,2023/7/6,07:00:00,5004529401,07:04:47
大門,城礦,2023/7/14,07:00:00,5004529401,07:53:10
大門,城礦,2023/7/18,17:00:00,5004529401,17:34:24
大門,城礦,2023/7/20,07:00:00,5004529401,07:42:08
大門,城礦,2023/7/26,07:00:00,5004529401,07:34:53
大門,城礦,2023/8/3,06:00:00,5004529401,06:35:04
大門,城礦,2023/8/15,07:00:00,5004529401,07:49:59
大門,城礦,2023/9/19,06:00:00,5004529401,06:49:58
冷煤,博威特,2023/5/3,09:00:00,5005373915,09:33:47
冷煤,博威特,2023/5/3,14:00:00,5005373915,14:14:55
冷煤,博威特,2023/5/3,15:00:00,5005373915,"15:38:54,15:55:05"
冷煤,博威特,2023/5/4,08:00:00,5005373915,08:49:18
冷煤,博威特,2023/5/4,09:00:00,5005373915,09:18:17
冷煤,博威特,2023/5/4,10:00:00,5005373915,10:52:00
冷煤,博威特,2023/5/4,11:00:00,5005373915,11:07:25
冷煤,博威特,2023/5/4,12:00:00,5005373915,12:02:20
冷煤,博威特,2023/5/4,13:00:00,5005373915,"13:21:22,13:41:08,13:59:17"
冷煤,博威特,2023/5/10,09:00:00,5005373915,09:48:06
冷煤,博威特,2023/5/10,10:00:00,5005373915,10:30:31
冷煤,博威特,2023/5/10,13:00:00,5005373915,"13:44:47,13:57:08,13:57:20,13:58:31,13:58:33"
冷煤,博威特,2023/5/10,14:00:00,5005373915,"14:20:00,14:40:06"
大門,博威特,2023/5/10,17:00:00,5005373913,17:19:08
冷煤,博威特,2023/5/12,08:00:00,5005373915,08:19:00
冷煤,博威特,2023/5/12,10:00:00,5005373915,10:38:43
大門,博威特,2023/5/12,18:00:00,5005373913,18:24:32
冷煤,博威特,2023/5/16,09:00:00,5005373915,09:27:52
冷煤,博威特,2023/5/16,10:00:00,5005373915,10:59:08
冷煤,博威特,2023/5/16,15:00:00,5005373911,15:30:36
冷煤,博威特,2023/5/18,09:00:00,5005373915,09:24:24
冷煤,博威特,2023/5/18,10:00:00,5005373915,10:41:15
冷煤,博威特,2023/5/18,11:00:00,5005373915,11:11:31
冷煤,博威特,2023/5/18,13:00:00,5005373915,"13:30:14,13:39:34"
冷煤,博威特,2023/5/18,14:00:00,5005373915,14:50:52
冷煤,博威特,2023/5/26,09:00:00,5005373915,"09:20:47,09:21:59,09:24:30"
冷煤,博威特,2023/5/26,11:00:00,5005373915,11:14:43
冷煤,博威特,2023/5/26,13:00:00,5005373915,13:17:46
冷煤,博威特,2023/5/26,14:00:00,5005373915,14:15:42
大門,博威特,2023/5/26,17:00:00,5005373913,17:38:01
大門,博威特,2023/5/27,09:00:00,5005373913,09:56:52
冷煤,博威特,2023/5/27,09:00:00,5005373915,"09:09:41,09:34:28"
冷煤,博威特,2023/5/27,11:00:00,5005373915,11:07:30
冷煤,博威特,2023/5/29,13:00:00,5005373915,13:12:40
大門,博威特,2023/5/29,17:00:00,5005373913,17:25:30
大門,博威特,2023/5/30,17:00:00,5005373913,17:48:15
冷煤,博威特,2023/5/31,20:00:00,5005373915,20:01:49
冷煤,博威特,2023/6/6,09:00:00,5005373915,09:15:50
冷煤,博威特,2023/6/6,13:00:00,5005373915,13:44:50
冷煤,博威特,2023/6/6,15:00:00,5005373915,15:29:40
冷煤,博威特,2023/6/10,09:00:00,5005373915,09:45:35
冷煤,博威特,2023/6/10,10:00:00,5005373915,10:22:44
冷煤,博威特,2023/6/10,11:00:00,5005373915,11:30:20
冷煤,博威特,2023/6/10,14:00:00,5005373915,14:20:37
冷煤,博威特,2023/6/10,15:00:00,5005373915,15:45:43
冷煤,博威特,2023/6/12,08:00:00,5005373915,08:57:38
冷煤,博威特,2023/6/12,09:00:00,5005373915,09:41:35
冷煤,博威特,2023/6/12,10:00:00,5005373915,10:49:50
冷煤,博威特,2023/6/12,11:00:00,5005373915,11:30:03
冷煤,博威特,2023/6/12,14:00:00,5005373915,14:26:12
冷煤,博威特,2023/6/12,15:00:00,5005373915,15:47:03
大門,博威特,2023/6/14,18:00:00,5005373913,18:51:03
冷煤,博威特,2023/6/16,09:00:00,5005373915,09:22:26
大門,博威特,2023/6/16,19:00:00,5005373913,19:34:31
冷煤,博威特,2023/6/21,13:00:00,5005373911,13:55:44
冷煤,博威特,2023/6/26,09:00:00,5005373915,09:35:36
冷煤,博威特,2023/6/27,08:00:00,5005373915,08:31:37
冷煤,博威特,2023/7/4,09:00:00,5005373911,09:21:52
冷煤,博威特,2023/7/4,13:00:00,5005373915,13:58:31
大門,博威特,2023/7/4,17:00:00,5005373913,"17:07:34,17:42:44,17:44:49"
大門,博威特,2023/7/4,19:00:00,5005373913,19:57:14
冷煤,博威特,2023/7/5,11:00:00,5005373915,11:58:09
冷煤,博威特,2023/7/5,13:00:00,5005373915,13:35:47
冷煤,博威特,2023/7/5,15:00:00,5005373915,15:37:36
大門,博威特,2023/7/10,19:00:00,5005373913,"19:23:17,19:37:43"
大門,博威特,2023/7/10,20:00:00,5005373913,"20:47:16,20:50:30"
冷煤,博威特,2023/7/14,09:00:00,5005373911,09:11:44
冷煤,博威特,2023/7/14,13:00:00,5005373915,"13:24:37,13:53:41"
冷煤,博威特,2023/7/18,13:00:00,5005373915,"13:18:49,13:50:12"
大門,博威特,2023/7/18,20:00:00,5005373913,20:57:19
冷煤,博威特,2023/7/20,11:00:00,5005373915,11:11:52
冷煤,博威特,2023/7/20,12:00:00,5005373915,12:11:06
冷煤,博威特,2023/7/20,13:00:00,5005373915,13:06:17
大門,博威特,2023/7/20,17:00:00,5005373913,17:04:03
冷煤,博威特,2023/7/22,09:00:00,5005373915,09:10:24
冷煤,博威特,2023/7/22,10:00:00,5005373915,10:07:02
冷煤,博威特,2023/7/22,13:00:00,5005373915,13:28:00
大門,博威特,2023/7/24,07:00:00,5005373913,07:58:49
冷煤,博威特,2023/7/24,11:00:00,5005373915,11:33:47
冷煤,博威特,2023/7/24,13:00:00,5005373915,13:11:36
冷煤,博威特,2023/7/24,14:00:00,5005373915,14:41:43
大門,博威特,2023/7/24,19:00:00,5005373913,19:30:48
冷煤,博威特,2023/7/26,09:00:00,5005373911,09:11:33
冷煤,博威特,2023/7/26,15:00:00,5005373915,15:32:52
冷煤,博威特,2023/7/26,18:00:00,5005373911,18:09:56
冷煤,博威特,2023/8/2,10:00:00,5005373915,10:27:14
冷煤,博威特,2023/8/2,13:00:00,5005373911,13:47:36
冷煤,博威特,2023/8/2,14:00:00,5005373911,14:50:23
冷煤,博威特,2023/8/2,14:00:00,5005373915,14:05:18
冷煤,博威特,2023/8/2,15:00:00,5005373915,15:11:52
冷煤,博威特,2023/8/7,11:00:00,5005373915,"11:08:08,11:40:06"
冷煤,博威特,2023/8/7,14:00:00,5005373915,14:34:51
冷煤,博威特,2023/8/7,15:00:00,5005373911,15:06:23
冷煤,博威特,2023/8/7,15:00:00,5005373915,"15:20:05,15:24:26,15:27:07"
冷煤,博威特,2023/8/7,16:00:00,5005373915,16:20:07
冷煤,博威特,2023/8/11,09:00:00,5005373911,09:26:24
冷煤,博威特,2023/8/11,09:00:00,5005373915,09:25:54
冷煤,博威特,2023/8/11,11:00:00,5005373915,11:02:44
冷煤,博威特,2023/8/11,13:00:00,5005373915,13:54:15
冷煤,博威特,2023/8/11,14:00:00,5005373915,"14:43:35,14:54:19"
冷煤,博威特,2023/8/11,16:00:00,5005373915,"16:00:12,16:00:18,16:00:25"
冷煤,博威特,2023/8/11,16:00:00,5005373911,16:43:14
冷煤,博威特,2023/8/15,08:00:00,5005373915,08:53:26
冷煤,博威特,2023/8/15,10:00:00,5005373915,10:55:11
冷煤,博威特,2023/8/15,11:00:00,5005373915,"11:10:14,11:49:48"
冷煤,博威特,2023/8/15,15:00:00,5005373915,15:42:43
冷煤,博威特,2023/8/17,09:00:00,5005373915,09:57:02
冷煤,博威特,2023/8/17,13:00:00,5005373915,13:29:12
冷煤,博威特,2023/8/17,15:00:00,5005373911,15:59:40
冷煤,博威特,2023/8/23,08:00:00,5005373911,08:54:38
冷煤,博威特,2023/8/23,09:00:00,5005373915,09:57:41
冷煤,博威特,2023/8/23,13:00:00,5005373911,13:36:28
冷煤,博威特,2023/8/23,14:00:00,5005373915,"14:35:13,14:35:44"
冷煤,博威特,2023/8/23,15:00:00,5005373915,"15:00:33,15:55:12"
冷煤,博威特,2023/8/24,08:00:00,5005373915,08:50:57
冷煤,博威特,2023/8/24,09:00:00,5005373915,09:58:40
冷煤,博威特,2023/8/24,13:00:00,5005373915,13:27:17
冷煤,博威特,2023/8/24,14:00:00,5005373915,"14:36:37,14:46:28,14:57:13"
冷煤,博威特,2023/8/25,09:00:00,5005373915,09:36:12
冷煤,博威特,2023/8/28,08:00:00,5005373915,08:39:02
冷煤,博威特,2023/8/28,10:00:00,5005373915,10:59:07
冷煤,博威特,2023/8/28,11:00:00,5005373911,11:33:16
大門,博威特,2023/8/28,18:00:00,5005373913,18:19:33
冷煤,博威特,2023/8/29,10:00:00,5005373915,10:29:41
冷煤,博威特,2023/9/7,09:00:00,5005373915,09:04:09
冷煤,博威特,2023/9/7,14:00:00,5005373915,14:25:08
冷煤,博威特,2023/9/8,08:00:00,5005373911,08:39:32
冷煤,博威特,2023/9/8,10:00:00,5005373911,10:55:32
冷煤,博威特,2023/9/8,10:00:00,5005373915,10:48:32
冷煤,博威特,2023/9/8,15:00:00,5005373915,15:50:34
冷煤,博威特,2023/9/8,16:00:00,5005373915,"16:10:55,16:10:59,16:23:53,16:36:17"
大門,博威特,2023/9/8,17:00:00,5005373913,17:50:37
冷煤,博威特,2023/9/11,09:00:00,5005373915,"09:05:07,09:28:10"
冷煤,博威特,2023/9/11,14:00:00,5005373915,"14:16:23,14:18:03,14:43:48"
冷煤,博威特,2023/9/11,15:00:00,5005373911,15:43:11
大門,博威特,2023/9/11,17:00:00,5005373913,"17:01:28,17:38:35,17:51:48"
大門,博威特,2023/9/12,07:00:00,5005373913,07:56:29
冷煤,博威特,2023/9/12,10:00:00,5005373915,10:45:21
冷煤,博威特,2023/9/19,09:00:00,5005373915,09:13:20
冷煤,博威特,2023/9/19,11:00:00,5005373915,11:29:04
冷煤,博威特,2023/9/20,09:00:00,5005373911,09:09:18
冷煤,博威特,2023/9/20,09:00:00,5005373915,09:05:22
冷煤,博威特,2023/9/20,11:00:00,5005373915,11:12:32
冷煤,博威特,2023/9/20,15:00:00,5005373915,15:32:11
冷煤,博威特,2023/9/20,16:00:00,5005373915,16:10:31
冷煤,博威特,2023/9/25,09:00:00,5005373915,09:06:12
冷煤,博威特,2023/9/25,10:00:00,5005373915,10:39:07
冷煤,博威特,2023/9/25,14:00:00,5005373915,14:18:00
大門,惠嘉電,2023/5/2,17:00:00,5041528201,17:44:54
大門,惠嘉電,2023/5/3,17:00:00,5041528201,17:45:59
冷煤,惠嘉電,2023/5/4,08:00:00,5041528203,08:25:45
冷煤,惠嘉電,2023/5/4,09:00:00,5041528203,09:36:09
冷煤,惠嘉電,2023/5/4,11:00:00,5041528203,"11:09:29,11:16:01"
冷煤,惠嘉電,2023/5/4,15:00:00,5041528203,15:31:01
冷煤,惠嘉電,2023/5/4,16:00:00,5041528203,16:27:58
大門,惠嘉電,2023/5/8,18:00:00,5041528201,18:00:09
大門,惠嘉電,2023/5/10,17:00:00,5041528201,17:43:21
冷煤,惠嘉電,2023/5/12,09:00:00,5041528203,"09:43:46,09:54:28"
冷煤,惠嘉電,2023/5/12,16:00:00,5041528203,16:17:02
大門,惠嘉電,2023/5/16,17:00:00,5041528201,"17:04:53,17:33:27,17:41:28"
大門,惠嘉電,2023/5/16,18:00:00,5041528201,"18:08:06,18:12:22,18:16:36"
冷煤,惠嘉電,2023/5/18,08:00:00,5041528203,"08:31:55,08:37:42"
冷煤,惠嘉電,2023/5/18,10:00:00,5041528203,"10:02:12,10:16:26,10:28:15,10:33:11,10:38:34,10:48:03"
冷煤,惠嘉電,2023/5/18,11:00:00,5041528203,"11:16:49,11:47:38,11:51:47"
冷煤,惠嘉電,2023/5/18,13:00:00,5041528203,13:30:37
大門,惠嘉電,2023/5/22,17:00:00,5041528201,17:08:15
大門,惠嘉電,2023/5/27,09:00:00,5041528201,09:21:08
大門,惠嘉電,2023/5/27,10:00:00,5041528201,"10:10:18,10:26:31,10:47:52"
大門,惠嘉電,2023/5/27,15:00:00,5041528201,15:21:34
大門,惠嘉電,2023/5/27,16:00:00,5041528201,16:00:42
冷煤,惠嘉電,2023/5/29,10:00:00,5041528203,10:59:30
大門,惠嘉電,2023/5/30,07:00:00,5041528201,07:41:27
大門,惠嘉電,2023/5/30,18:00:00,5041528201,18:02:26
大門,惠嘉電,2023/6/8,17:00:00,5041528201,17:11:37
冷煤,惠嘉電,2023/6/10,09:00:00,5041528203,"09:27:42,09:33:21,09:34:40"
冷煤,惠嘉電,2023/6/10,10:00:00,5041528203,10:57:46
大門,惠嘉電,2023/6/10,10:00:00,5041528201,10:55:36
大門,惠嘉電,2023/6/10,11:00:00,5041528201,"11:10:38,11:54:17"
冷煤,惠嘉電,2023/6/10,11:00:00,5041528203,"11:09:32,11:29:54"
大門,惠嘉電,2023/6/10,12:00:00,5041528201,12:29:43
大門,惠嘉電,2023/6/10,13:00:00,5041528201,"13:48:04,13:52:40"
冷煤,惠嘉電,2023/6/22,09:00:00,5041528203,09:14:54
大門,惠嘉電,2023/6/27,17:00:00,5041528201,17:35:26
冷煤,惠嘉電,2023/7/5,08:00:00,5041528203,"08:16:57,08:42:16"
冷煤,惠嘉電,2023/7/5,11:00:00,5041528203,11:12:41
大門,惠嘉電,2023/7/10,17:00:00,5041528201,"17:26:34,17:44:54"
大門,惠嘉電,2023/7/10,18:00:00,5041528201,18:10:39
大門,惠嘉電,2023/7/14,07:00:00,5041528201,07:52:20
大門,惠嘉電,2023/7/18,07:00:00,5041528201,07:56:19
冷煤,惠嘉電,2023/7/20,08:00:00,5041528203,08:08:33
冷煤,惠嘉電,2023/7/20,10:00:00,5041528203,"10:41:36,10:48:54"
冷煤,惠嘉電,2023/7/20,11:00:00,5041528203,11:25:54
冷煤,惠嘉電,2023/7/20,14:00:00,5041528203,"14:01:47,14:07:14,14:23:33,14:40:06,14:59:49"
冷煤,惠嘉電,2023/7/20,16:00:00,5041528203,16:00:33
冷煤,惠嘉電,2023/7/20,19:00:00,5041528203,19:11:56
大門,惠嘉電,2023/7/22,10:00:00,5041528201,"10:38:55,10:57:52"
大門,惠嘉電,2023/7/22,11:00:00,5041528201,11:01:54
大門,惠嘉電,2023/7/22,15:00:00,5041528201,15:42:07
大門,惠嘉電,2023/7/22,16:00:00,5041528201,16:25:01
大門,惠嘉電,2023/7/24,18:00:00,5041528201,18:04:04
冷煤,惠嘉電,2023/7/26,11:00:00,5041528203,11:13:21
冷煤,惠嘉電,2023/7/26,15:00:00,5041528203,"15:13:43,15:25:23,15:32:09"
冷煤,惠嘉電,2023/7/26,16:00:00,5041528203,16:05:47
大門,惠嘉電,2023/7/28,07:00:00,5041528201,07:05:01
大門,惠嘉電,2023/7/28,17:00:00,5041528201,17:10:15
大門,惠嘉電,2023/8/1,07:00:00,5041528201,"07:25:18,07:36:01"
冷煤,惠嘉電,2023/8/1,11:00:00,5041528203,11:36:34
冷煤,惠嘉電,2023/8/1,13:00:00,5041528203,13:49:20
大門,惠嘉電,2023/8/2,07:00:00,5041528201,07:30:13
冷煤,惠嘉電,2023/8/2,09:00:00,5041528203,09:12:15
冷煤,惠嘉電,2023/8/2,10:00:00,5041528203,10:29:08
冷煤,惠嘉電,2023/8/2,11:00:00,5041528203,11:16:58
大門,惠嘉電,2023/8/2,17:00:00,5041528201,17:58:05
大門,惠嘉電,2023/8/3,07:00:00,5041528201,"07:29:21,07:37:58,07:49:19"
冷煤,惠嘉電,2023/8/7,09:00:00,5041528203,09:58:04
冷煤,惠嘉電,2023/8/7,11:00:00,5041528203,"11:12:30,11:28:07"
冷煤,惠嘉電,2023/8/7,13:00:00,5041528203,13:31:46
冷煤,惠嘉電,2023/8/7,14:00:00,5041528203,14:58:04
大門,惠嘉電,2023/8/7,17:00:00,5041528201,17:25:32
冷煤,惠嘉電,2023/8/11,08:00:00,5041528203,"08:12:58,08:17:08,08:22:44"
大門,惠嘉電,2023/8/11,17:00:00,5041528201,"17:43:17,17:46:38"
冷煤,惠嘉電,2023/8/15,08:00:00,5041528203,08:15:33
冷煤,惠嘉電,2023/8/15,16:00:00,5041528203,"16:07:19,16:16:54"
大門,惠嘉電,2023/8/17,07:00:00,5041528201,"07:27:14,07:43:45,07:59:06"
冷煤,惠嘉電,2023/8/17,09:00:00,5041528203,09:41:05
冷煤,惠嘉電,2023/8/17,14:00:00,5041528203,14:43:04
大門,惠嘉電,2023/8/17,17:00:00,5041528201,17:57:19
冷煤,惠嘉電,2023/8/19,08:00:00,5041528203,08:14:07
大門,惠嘉電,2023/8/19,10:00:00,5041528201,10:42:53
大門,惠嘉電,2023/8/19,11:00:00,5041528201,11:02:56
大門,惠嘉電,2023/8/19,14:00:00,5041528201,14:26:11
大門,惠嘉電,2023/8/23,06:00:00,5041528201,06:59:01
大門,惠嘉電,2023/8/23,07:00:00,5041528201,07:55:53
大門,惠嘉電,2023/8/23,17:00:00,5041528201,17:38:39
冷煤,惠嘉電,2023/8/24,11:00:00,5041528203,11:10:24
冷煤,惠嘉電,2023/8/24,14:00:00,5041528203,14:23:40
大門,惠嘉電,2023/8/24,17:00:00,5041528201,17:49:15
大門,惠嘉電,2023/8/28,17:00:00,5041528201,"17:06:29,17:22:12"
冷煤,惠嘉電,2023/8/29,08:00:00,5041528203,08:28:50
冷煤,惠嘉電,2023/8/29,09:00:00,5041528203,09:13:30
冷煤,惠嘉電,2023/8/29,10:00:00,5041528203,10:46:36
冷煤,惠嘉電,2023/8/29,11:00:00,5041528203,11:47:17
冷煤,惠嘉電,2023/8/29,13:00:00,5041528203,13:49:10
冷煤,惠嘉電,2023/8/29,15:00:00,5041528203,15:00:51
大門,惠嘉電,2023/8/30,07:00:00,5041528201,07:28:44
大門,惠嘉電,2023/9/8,07:00:00,5041528201,"07:13:00,07:24:18"
冷煤,惠嘉電,2023/9/8,08:00:00,5041528203,08:44:56
冷煤,惠嘉電,2023/9/8,09:00:00,5041528203,09:52:12
冷煤,惠嘉電,2023/9/8,10:00:00,5041528203,10:18:11
冷煤,惠嘉電,2023/9/8,11:00:00,5041528203,11:28:53
大門,惠嘉電,2023/9/9,10:00:00,5041528201,10:54:00
大門,惠嘉電,2023/9/9,11:00:00,5041528201,11:14:05
大門,惠嘉電,2023/9/11,07:00:00,5041528201,07:40:23
冷煤,惠嘉電,2023/9/12,08:00:00,5041528203,"08:08:17,08:10:59,08:12:06,08:16:55,08:17:31,08:20:52,08:26:57"
冷煤,惠嘉電,2023/9/12,09:00:00,5041528203,"09:04:25,09:37:03"
冷煤,惠嘉電,2023/9/12,11:00:00,5041528203,"11:31:19,11:46:09"
冷煤,惠嘉電,2023/9/12,13:00:00,5041528203,13:33:55
冷煤,惠嘉電,2023/9/12,15:00:00,5041528203,15:43:23
冷煤,惠嘉電,2023/9/12,16:00:00,5041528203,16:25:06
冷煤,惠嘉電,2023/9/19,08:00:00,5041528203,08:37:38
冷煤,惠嘉電,2023/9/19,16:00:00,5041528203,16:04:17
大門,惠嘉電,2023/9/19,17:00:00,5041528201,17:05:45
大門,惠嘉電,2023/9/21,07:00:00,5041528201,07:42:22
冷煤,惠嘉電,2023/9/25,09:00:00,5041528203,09:52:00
冷煤,惠嘉電,2023/9/25,13:00:00,5041528203,13:59:34
大門,惠嘉電,2023/9/25,17:00:00,5041528201,17:03:33
大門,惠嘉電,2023/9/27,07:00:00,5041528201,07:51:37
大門,惠嘉電,2023/9/27,17:00:00,5041528201,17:17:45
大門,開運,2023/5/2,18:00:00,5005068701,18:30:13
大門,開運,2023/5/3,17:00:00,5005068701,"17:00:34,17:04:00,17:06:26,17:08:35,17:11:01,17:23:57,17:24:11"
大門,開運,2023/8/11,18:00:00,5005068701,18:14:28
冷煤,瑞原,2023/5/4,08:00:00,5041521403,08:58:41
冷煤,瑞原,2023/5/4,10:00:00,5041521402,"10:21:25,10:34:53"
冷煤,瑞原,2023/5/4,11:00:00,5041521402,11:42:55
冷煤,瑞原,2023/5/8,08:00:00,5041521403,08:48:50
冷煤,瑞原,2023/5/10,08:00:00,5041521403,08:24:30
冷煤,瑞原,2023/5/10,09:00:00,5041521403,09:46:34
冷煤,瑞原,2023/5/10,10:00:00,5041521403,10:48:07
冷煤,瑞原,2023/5/10,15:00:00,5041521403,15:56:55
冷煤,瑞原,2023/5/10,17:00:00,5041521403,17:47:26
大門,瑞原,2023/5/10,17:00:00,5041521401,17:29:50
冷煤,瑞原,2023/5/10,18:00:00,5041521403,"18:30:39,18:31:26"
冷煤,瑞原,2023/5/12,09:00:00,5041521403,09:19:58
冷煤,瑞原,2023/5/12,11:00:00,5041521403,"11:21:14,11:33:28"
冷煤,瑞原,2023/5/12,14:00:00,5041521403,14:43:40
冷煤,瑞原,2023/5/16,08:00:00,5041521403,08:37:57
冷煤,瑞原,2023/5/16,11:00:00,5041521403,11:57:16
冷煤,瑞原,2023/5/18,09:00:00,5041521403,09:44:11
冷煤,瑞原,2023/5/18,11:00:00,5041521403,"11:33:01,11:39:07"
冷煤,瑞原,2023/5/18,13:00:00,5041521403,13:21:15
大門,瑞原,2023/5/18,17:00:00,5041521401,17:22:27
大門,瑞原,2023/5/21,08:00:00,5041521401,08:26:14
冷煤,瑞原,2023/6/6,11:00:00,5041521403,"11:41:47,11:41:51,11:42:02"
冷煤,瑞原,2023/6/6,18:00:00,5041521402,18:39:54
冷煤,瑞原,2023/6/8,18:00:00,5041521402,18:11:05
冷煤,瑞原,2023/6/10,08:00:00,5041521403,08:54:05
冷煤,瑞原,2023/6/10,09:00:00,5041521403,"09:29:10,09:56:19"
冷煤,瑞原,2023/6/10,11:00:00,5041521403,"11:22:10,11:37:01"
冷煤,瑞原,2023/6/10,11:00:00,5041521402,"11:22:05,11:27:10,11:32:44"
冷煤,瑞原,2023/6/12,10:00:00,5041521402,10:55:07
冷煤,瑞原,2023/6/12,13:00:00,5041521403,13:30:31
冷煤,瑞原,2023/6/14,08:00:00,5041521403,08:39:58
冷煤,瑞原,2023/6/14,10:00:00,5041521403,10:25:31
冷煤,瑞原,2023/6/14,13:00:00,5041521403,"13:30:16,13:30:26"
冷煤,瑞原,2023/6/14,14:00:00,5041521403,14:17:46
冷煤,瑞原,2023/6/16,11:00:00,5041521403,11:18:01
冷煤,瑞原,2023/6/16,13:00:00,5041521403,"13:08:49,13:37:26"
冷煤,瑞原,2023/6/16,15:00:00,5041521403,"15:26:19,15:28:33"
冷煤,瑞原,2023/6/22,08:00:00,5041521403,08:25:27
冷煤,瑞原,2023/6/22,09:00:00,5041521403,"09:02:05,09:04:50,09:18:25,09:52:10"
冷煤,瑞原,2023/6/22,09:00:00,5041521402,"09:21:06,09:32:40"
冷煤,瑞原,2023/6/22,10:00:00,5041521403,"10:44:39,10:49:30"
冷煤,瑞原,2023/6/22,11:00:00,5041521403,11:32:48
冷煤,瑞原,2023/6/22,13:00:00,5041521403,"13:29:42,13:45:25"
冷煤,瑞原,2023/6/22,13:00:00,5041521402,13:35:06
冷煤,瑞原,2023/6/22,14:00:00,5041521403,"14:21:29,14:28:33"
大門,瑞原,2023/6/26,07:00:00,5041521401,"07:33:09,07:34:27,07:46:48"
冷煤,瑞原,2023/6/27,11:00:00,5041521403,"11:11:03,11:16:12,11:16:28"
冷煤,瑞原,2023/6/27,13:00:00,5041521403,"13:45:36,13:46:02"
冷煤,瑞原,2023/7/5,10:00:00,5041521403,10:40:27
冷煤,瑞原,2023/7/10,11:00:00,5041521403,"11:10:04,11:12:08"
冷煤,瑞原,2023/7/10,13:00:00,5041521402,13:48:14
冷煤,瑞原,2023/7/14,10:00:00,5041521403,"10:11:46,10:24:30,10:49:31"
冷煤,瑞原,2023/7/14,11:00:00,5041521403,"11:06:07,11:28:12"
冷煤,瑞原,2023/7/14,15:00:00,5041521403,15:45:48
冷煤,瑞原,2023/7/14,18:00:00,5041521402,18:04:24
冷煤,瑞原,2023/7/14,18:00:00,5041521403,"18:04:20,18:38:32"
大門,瑞原,2023/7/16,11:00:00,5041521401,11:04:30
冷煤,瑞原,2023/7/18,13:00:00,5041521403,13:21:31
冷煤,瑞原,2023/7/18,18:00:00,5041521402,18:36:23
冷煤,瑞原,2023/7/20,08:00:00,5041521403,"08:31:36,08:58:49"
冷煤,瑞原,2023/7/20,09:00:00,5041521403,09:07:23
冷煤,瑞原,2023/7/20,10:00:00,5041521402,10:48:11
冷煤,瑞原,2023/7/20,10:00:00,5041521403,10:28:26
冷煤,瑞原,2023/7/20,11:00:00,5041521403,"11:06:54,11:27:16,11:38:35,11:41:39"
冷煤,瑞原,2023/7/20,13:00:00,5041521403,13:36:47
冷煤,瑞原,2023/7/20,14:00:00,5041521403,14:54:15
冷煤,瑞原,2023/7/20,15:00:00,5041521403,"15:06:23,15:15:31,15:24:27"
冷煤,瑞原,2023/7/22,09:00:00,5041521403,09:14:06
冷煤,瑞原,2023/7/22,09:00:00,5041521402,"09:12:59,09:32:20"
冷煤,瑞原,2023/7/22,14:00:00,5041521403,"14:17:33,14:22:28,14:22:32"
冷煤,瑞原,2023/7/24,08:00:00,5041521402,08:28:45
冷煤,瑞原,2023/7/24,08:00:00,5041521403,08:59:08
冷煤,瑞原,2023/7/24,09:00:00,5041521402,09:51:46
冷煤,瑞原,2023/7/24,10:00:00,5041521402,10:28:39
冷煤,瑞原,2023/7/24,10:00:00,5041521403,10:19:07
冷煤,瑞原,2023/7/24,11:00:00,5041521402,"11:27:09,11:33:20,11:53:53"
冷煤,瑞原,2023/7/24,13:00:00,5041521403,13:23:22
冷煤,瑞原,2023/7/24,14:00:00,5041521402,"14:48:31,14:50:51"
冷煤,瑞原,2023/7/24,14:00:00,5041521403,"14:49:36,14:55:50"
冷煤,瑞原,2023/7/24,15:00:00,5041521403,"15:13:30,15:53:26"
冷煤,瑞原,2023/7/24,15:00:00,5041521402,15:55:18
冷煤,瑞原,2023/7/24,17:00:00,5041521403,17:45:05
冷煤,瑞原,2023/7/24,18:00:00,5041521403,18:42:45
冷煤,瑞原,2023/7/26,09:00:00,5041521402,09:27:13
冷煤,瑞原,2023/7/26,11:00:00,5041521403,"11:15:44,11:38:35"
冷煤,瑞原,2023/8/1,09:00:00,5041521403,"09:44:38,09:44:41"
冷煤,瑞原,2023/8/1,10:00:00,5041521402,10:34:12
冷煤,瑞原,2023/8/1,10:00:00,5041521403,"10:00:59,10:27:57,10:40:06"
冷煤,瑞原,2023/8/1,11:00:00,5041521402,11:57:22
冷煤,瑞原,2023/8/1,13:00:00,5041521403,"13:13:47,13:14:37"
冷煤,瑞原,2023/8/1,14:00:00,5041521402,14:25:57
冷煤,瑞原,2023/8/1,14:00:00,5041521403,"14:28:34,14:44:47"
冷煤,瑞原,2023/8/1,15:00:00,5041521403,"15:03:26,15:23:09"
冷煤,瑞原,2023/8/1,18:00:00,5041521403,18:12:13
冷煤,瑞原,2023/8/2,08:00:00,5041521403,08:43:22
冷煤,瑞原,2023/8/2,09:00:00,5041521403,09:08:09
冷煤,瑞原,2023/8/2,11:00:00,5041521403,11:25:08
冷煤,瑞原,2023/8/2,13:00:00,5041521403,13:26:19
冷煤,瑞原,2023/8/2,15:00:00,5041521403,15:52:58
冷煤,瑞原,2023/8/2,17:00:00,5041521403,17:44:42
冷煤,瑞原,2023/8/3,09:00:00,5041521403,"09:08:33,09:08:37,09:08:39,09:33:32"
冷煤,瑞原,2023/8/3,15:00:00,5041521402,15:56:16
冷煤,瑞原,2023/8/3,15:00:00,5041521403,15:13:47
冷煤,瑞原,2023/8/3,17:00:00,5041521403,17:49:10
冷煤,瑞原,2023/8/3,18:00:00,5041521402,18:12:27
冷煤,瑞原,2023/8/7,13:00:00,5041521403,13:43:03
冷煤,瑞原,2023/8/7,14:00:00,5041521402,14:36:44
冷煤,瑞原,2023/8/7,16:00:00,5041521403,16:16:59
冷煤,瑞原,2023/8/19,09:00:00,5041521403,09:04:52
大門,瑞原,2023/8/19,11:00:00,5041521401,"11:31:37,11:35:15,11:39:47"
大門,瑞原,2023/8/28,17:00:00,5041521401,17:27:52
冷煤,瑞原,2023/9/7,08:00:00,5041521402,08:40:04
冷煤,瑞原,2023/9/19,15:00:00,5041521403,15:44:48
冷煤,瑞原,2023/9/20,14:00:00,5041521403,14:05:15
冷煤,瑞原,2023/9/20,16:00:00,5041521403,16:03:56
冷煤,瑞原,2023/9/20,18:00:00,5041521403,18:24:14
冷煤,瑞原,2023/9/21,11:00:00,5041521403,11:53:21
大門,瑞原,2023/9/25,17:00:00,5041521401,17:01:33
大門,漢林,2023/5/2,18:00:00,5071900711,18:29:10
冷煤,漢林,2023/5/3,13:00:00,5071900714,13:46:22
冷煤,漢林,2023/5/4,10:00:00,5071900714,10:49:02
大門,漢林,2023/5/10,06:00:00,5071900711,06:19:23
冷煤,漢林,2023/5/10,09:00:00,5071900702,09:12:22
大門,漢林,2023/5/10,20:00:00,5071900711,"20:09:46,20:46:48"
大門,漢林,2023/5/16,06:00:00,5071900711,06:21:24
大門,漢林,2023/5/16,07:00:00,5071900711,07:18:55
大門,漢林,2023/5/31,06:00:00,5071900711,06:17:58
大門,漢林,2023/5/31,07:00:00,5071900711,07:25:41
大門,漢林,2023/5/31,17:00:00,5071900711,"17:47:28,17:56:19"
大門,漢林,2023/5/31,19:00:00,5071900711,19:16:48
大門,漢林,2023/6/6,06:00:00,5071900711,06:21:37
大門,漢林,2023/6/6,07:00:00,5071900711,07:17:42
大門,漢林,2023/6/6,18:00:00,5071900711,18:41:35
大門,漢林,2023/6/6,20:00:00,5071900711,20:29:14
大門,漢林,2023/6/6,21:00:00,5071900711,21:39:04
大門,漢林,2023/6/8,06:00:00,5071900711,06:15:39
冷煤,漢林,2023/6/10,10:00:00,5071900702,10:41:24
大門,漢林,2023/6/10,12:00:00,5071900711,12:52:25
大門,漢林,2023/6/10,18:00:00,5071900711,18:52:02
大門,漢林,2023/6/10,19:00:00,5071900711,19:59:01
大門,漢林,2023/6/12,06:00:00,5071900711,06:26:46
大門,漢林,2023/6/14,06:00:00,5071900711,06:22:54
大門,漢林,2023/6/16,06:00:00,5071900711,06:18:18
大門,漢林,2023/6/21,06:00:00,5071900711,06:18:28
大門,漢林,2023/6/21,07:00:00,5071900711,07:34:22
大門,漢林,2023/6/21,19:00:00,5071900711,19:08:44
大門,漢林,2023/6/22,06:00:00,5071900711,06:22:17
大門,漢林,2023/6/26,06:00:00,5071900711,06:18:09
大門,漢林,2023/6/26,19:00:00,5071900711,19:25:31
大門,漢林,2023/6/27,03:00:00,5071900711,03:41:15
大門,漢林,2023/6/27,06:00:00,5071900711,06:26:30
大門,漢林,2023/6/27,07:00:00,5071900711,07:10:17
大門,漢林,2023/6/27,20:00:00,5071900711,20:36:42
大門,漢林,2023/6/30,06:00:00,5071900711,06:18:19
大門,漢林,2023/6/30,17:00:00,5071900711,17:49:51
大門,漢林,2023/7/4,06:00:00,5071900711,06:19:11
大門,漢林,2023/7/5,06:00:00,5071900711,06:23:32
大門,漢林,2023/7/6,06:00:00,5071900711,06:25:41
大門,漢林,2023/7/10,06:00:00,5071900711,06:18:34
大門,漢林,2023/7/10,22:00:00,5071900711,22:49:21
大門,漢林,2023/7/14,06:00:00,5071900711,06:21:41
大門,漢林,2023/7/14,17:00:00,5071900711,17:51:37
大門,漢林,2023/7/18,06:00:00,5071900711,06:21:21
大門,漢林,2023/7/20,06:00:00,5071900711,06:18:43
大門,漢林,2023/7/20,07:00:00,5071900711,07:09:46
大門,漢林,2023/7/20,21:00:00,5071900711,21:25:22
大門,漢林,2023/7/22,07:00:00,5071900711,07:40:12
大門,漢林,2023/7/22,08:00:00,5071900711,"08:37:30,08:42:15"
冷煤,漢林,2023/7/22,11:00:00,5071900714,11:06:34
大門,漢林,2023/7/22,12:00:00,5071900711,12:34:55
大門,漢林,2023/7/26,06:00:00,5071900711,06:21:01
大門,漢林,2023/7/28,06:00:00,5071900711,06:28:24
大門,漢林,2023/8/1,06:00:00,5071900711,06:25:43
大門,漢林,2023/8/1,07:00:00,5071900711,07:44:37
大門,漢林,2023/8/1,18:00:00,5071900711,18:32:57
大門,漢林,2023/8/1,20:00:00,5071900711,20:03:56
大門,漢林,2023/8/2,06:00:00,5071900711,06:28:40
大門,漢林,2023/8/2,07:00:00,5071900711,07:08:07
大門,漢林,2023/8/2,18:00:00,5071900711,18:18:12
大門,漢林,2023/8/2,22:00:00,5071900711,22:19:36
大門,漢林,2023/8/3,06:00:00,5071900711,06:25:11
大門,漢林,2023/8/3,20:00:00,5071900711,20:34:12
大門,漢林,2023/8/7,06:00:00,5071900711,06:27:01
冷煤,漢林,2023/8/7,17:00:00,5071900714,17:52:04
大門,漢林,2023/8/11,06:00:00,5071900711,06:33:14
大門,漢林,2023/8/11,07:00:00,5071900711,07:07:24
大門,漢林,2023/8/11,21:00:00,5071900711,21:17:25
冷煤,漢林,2023/8/15,08:00:00,5071900714,08:56:25
大門,漢林,2023/8/15,23:00:00,5071900711,"23:23:09,23:24:23,23:25:56"
大門,漢林,2023/8/17,06:00:00,5071900711,06:39:30
大門,漢林,2023/8/17,20:00:00,5071900711,20:28:31
大門,漢林,2023/8/19,08:00:00,5071900711,08:27:57
大門,漢林,2023/8/19,15:00:00,5071900711,15:05:21
大門,漢林,2023/8/23,06:00:00,5071900711,06:33:07
冷煤,漢林,2023/8/23,13:00:00,5071900702,13:28:53
大門,漢林,2023/8/23,17:00:00,5071900711,17:08:51
大門,漢林,2023/8/23,20:00:00,5071900711,20:11:15
大門,漢林,2023/8/24,06:00:00,5071900711,06:29:17
冷煤,漢林,2023/8/24,10:00:00,5071900702,10:47:50
冷煤,漢林,2023/8/24,13:00:00,5071900702,13:00:30
大門,漢林,2023/8/24,17:00:00,5071900711,"17:07:49,17:29:13,17:48:27"
大門,漢林,2023/8/25,06:00:00,5071900711,06:28:29
大門,漢林,2023/8/25,07:00:00,5071900711,07:25:10
大門,漢林,2023/8/28,06:00:00,5071900711,06:32:31
冷煤,漢林,2023/8/28,09:00:00,5071900702,09:58:13
冷煤,漢林,2023/8/28,10:00:00,5071900702,10:52:42
大門,漢林,2023/8/29,06:00:00,5071900711,06:31:10
冷煤,漢林,2023/9/7,17:00:00,5071900702,17:00:29
大門,漢林,2023/9/7,17:00:00,5071900711,17:00:25
大門,漢林,2023/9/7,21:00:00,5071900711,21:47:14
大門,漢林,2023/9/8,07:00:00,5071900711,07:20:16
大門,漢林,2023/9/11,21:00:00,5071900711,21:54:43
冷煤,漢林,2023/9/12,14:00:00,5071900714,14:54:17
大門,漢林,2023/9/12,20:00:00,5071900711,20:22:04
大門,漢林,2023/9/19,17:00:00,5071900711,17:12:28
大門,漢林,2023/9/19,19:00:00,5071900711,19:29:33
大門,漢林,2023/9/19,20:00:00,5071900711,20:02:03
大門,漢林,2023/9/20,19:00:00,5071900711,19:19:02
大門,漢林,2023/9/21,06:00:00,5071900711,06:51:47
大門,漢林,2023/9/21,07:00:00,5071900711,07:00:25
大門,漢林,2023/9/21,17:00:00,5071900711,17:40:00
大門,漢林,2023/9/21,18:00:00,5071900711,18:47:21
大門,漢林,2023/9/25,17:00:00,5071900711,17:22:51
大門,漢林,2023/9/27,17:00:00,5071900711,17:27:35
大門,漢林,2023/9/29,07:00:00,5071900711,07:36:56
大門,漢林,2023/9/29,17:00:00,5071900711,17:20:52
大門,漢林機械區,2023/5/2,19:00:00,5005379321,"19:07:16,19:12:10,19:55:02"
大門,漢林機械區,2023/5/2,20:00:00,5005379321,"20:12:08,20:30:48"
大門,漢林機械區,2023/5/2,21:00:00,5005379321,"21:22:18,21:34:51,21:41:26,21:49:39"
大門,漢林機械區,2023/5/2,22:00:00,5005379321,"22:26:51,22:30:10,22:53:28"
大門,漢林機械區,2023/5/3,00:00:00,5005379321,"00:19:13,00:24:28,00:46:07"
大門,漢林機械區,2023/5/3,01:00:00,5005379321,"01:01:29,01:40:38"
大門,漢林機械區,2023/5/3,02:00:00,5005379321,"02:24:06,02:38:56"
大門,漢林機械區,2023/5/3,03:00:00,5005379321,"03:01:44,03:21:13,03:38:46,03:53:15"
大門,漢林機械區,2023/5/3,05:00:00,5005379321,"05:17:39,05:17:52,05:21:26"
大門,漢林機械區,2023/5/3,06:00:00,5005379321,"06:31:17,06:41:26"
大門,漢林機械區,2023/5/27,00:00:00,5005379321,"00:26:37,00:56:30"
大門,漢林機械區,2023/5/27,01:00:00,5005379321,01:30:31
大門,漢林機械區,2023/5/27,02:00:00,5005379321,02:51:16
大門,漢林機械區,2023/5/27,03:00:00,5005379321,"03:00:46,03:19:08"
大門,漢林機械區,2023/5/27,05:00:00,5005379321,"05:08:23,05:14:50,05:45:42"
大門,漢林機械區,2023/5/27,07:00:00,5005379321,"07:16:09,07:37:41,07:41:45"
大門,漢林機械區,2023/5/27,08:00:00,5005379321,08:41:17
大門,漢林機械區,2023/5/27,14:00:00,5005379321,14:00:00
大門,漢林機械區,2023/5/27,19:00:00,5005379321,"19:11:12,19:23:04,19:29:03"
大門,漢林機械區,2023/5/27,20:00:00,5005379321,"20:18:16,20:47:51,20:52:47"
大門,漢林機械區,2023/5/27,22:00:00,5005379321,22:41:23
大門,漢林機械區,2023/5/31,00:00:00,5005379321,00:32:34
大門,漢林機械區,2023/5/31,01:00:00,5005379321,"01:24:02,01:27:07,01:36:28"
大門,漢林機械區,2023/5/31,03:00:00,5005379321,"03:24:32,03:39:00,03:46:19"
大門,漢林機械區,2023/5/31,05:00:00,5005379321,05:18:25
大門,漢林機械區,2023/5/31,06:00:00,5005379321,06:04:48
大門,漢林機械區,2023/5/31,07:00:00,5005379321,07:09:41
大門,漢林機械區,2023/5/31,19:00:00,5005379321,"19:11:22,19:49:36"
大門,漢林機械區,2023/5/31,21:00:00,5005379321,21:33:20
大門,漢林機械區,2023/6/6,03:00:00,5005379321,03:50:31
大門,漢林機械區,2023/6/6,19:00:00,5005379321,19:48:49
大門,漢林機械區,2023/6/8,00:00:00,5005379321,"00:09:46,00:19:20,00:50:38,00:55:11"
大門,漢林機械區,2023/6/8,01:00:00,5005379321,"01:04:42,01:08:26,01:44:53"
大門,漢林機械區,2023/6/8,02:00:00,5005379321,"02:26:12,02:50:37"
大門,漢林機械區,2023/6/8,03:00:00,5005379321,"03:19:00,03:29:50,03:38:08,03:42:54"
大門,漢林機械區,2023/6/8,05:00:00,5005379321,"05:11:37,05:38:11,05:46:53,05:47:28"
大門,漢林機械區,2023/6/8,06:00:00,5005379321,"06:08:45,06:31:33"
大門,漢林機械區,2023/6/8,07:00:00,5005379321,"07:18:15,07:28:08"
大門,漢林機械區,2023/6/8,17:00:00,5005379321,17:59:53
大門,漢林機械區,2023/6/8,18:00:00,5005379321,18:40:55
大門,漢林機械區,2023/6/8,19:00:00,5005379321,"19:10:49,19:23:02,19:58:55"
大門,漢林機械區,2023/6/8,20:00:00,5005379321,"20:06:38,20:23:53,20:48:23"
大門,漢林機械區,2023/6/8,21:00:00,5005379321,"21:27:28,21:39:40,21:47:04,21:48:54"
大門,漢林機械區,2023/6/8,22:00:00,5005379321,"22:05:22,22:19:23,22:24:59,22:36:25,22:43:19,22:48:57"
大門,漢林機械區,2023/6/10,00:00:00,5005379321,"00:03:56,00:05:55,00:15:59,00:42:33,00:49:08,00:56:38,00:58:10"
大門,漢林機械區,2023/6/10,01:00:00,5005379321,"01:27:14,01:29:37"
大門,漢林機械區,2023/6/10,02:00:00,5005379321,"02:35:05,02:40:08,02:49:07"
大門,漢林機械區,2023/6/10,03:00:00,5005379321,"03:03:15,03:15:48,03:25:07,03:31:51,03:36:21"
大門,漢林機械區,2023/6/10,05:00:00,5005379321,"05:08:15,05:39:08,05:45:34,05:50:08,05:51:26"
大門,漢林機械區,2023/6/10,06:00:00,5005379321,06:01:49
大門,漢林機械區,2023/6/10,08:00:00,5005379321,"08:05:00,08:05:21"
大門,漢林機械區,2023/6/10,10:00:00,5005379321,10:13:15
大門,漢林機械區,2023/6/10,19:00:00,5005379321,"19:25:36,19:42:11,19:51:06"
大門,漢林機械區,2023/6/10,20:00:00,5005379321,"20:12:09,20:14:05,20:15:30,20:31:36,20:35:24,20:48:53"
大門,漢林機械區,2023/6/10,21:00:00,5005379321,21:44:26
大門,漢林機械區,2023/6/10,22:00:00,5005379321,"22:12:58,22:28:54,22:39:54,22:51:05"
大門,漢林機械區,2023/6/12,21:00:00,5005379321,"21:29:14,21:35:35"
大門,漢林機械區,2023/6/14,00:00:00,5005379321,"00:08:53,00:19:42,00:38:52,00:53:44,00:56:37"
大門,漢林機械區,2023/6/14,01:00:00,5005379321,"01:12:49,01:23:18"
大門,漢林機械區,2023/6/14,02:00:00,5005379321,"02:35:57,02:54:31,02:59:41"
大門,漢林機械區,2023/6/14,03:00:00,5005379321,"03:07:53,03:33:48"
大門,漢林機械區,2023/6/14,05:00:00,5005379321,"05:16:19,05:34:35,05:49:40,05:52:10,05:56:11"
大門,漢林機械區,2023/6/14,06:00:00,5005379321,06:26:52
大門,漢林機械區,2023/6/14,07:00:00,5005379321,"07:04:00,07:18:11"
大門,漢林機械區,2023/6/14,18:00:00,5005379321,18:12:37
大門,漢林機械區,2023/6/14,19:00:00,5005379321,"19:05:59,19:12:07,19:16:26,19:31:58,19:32:26,19:46:00,19:52:50"
大門,漢林機械區,2023/6/14,20:00:00,5005379321,"20:04:09,20:21:16,20:32:23,20:32:48,20:41:15,20:44:33,20:47:36"
大門,漢林機械區,2023/6/14,21:00:00,5005379321,"21:20:28,21:23:41,21:30:15,21:32:31,21:33:12"
大門,漢林機械區,2023/6/14,22:00:00,5005379321,"22:00:40,22:04:59,22:12:05,22:23:16,22:38:25"
大門,漢林機械區,2023/6/21,00:00:00,5005379321,"00:10:24,00:16:05,00:43:24,00:52:15,00:53:22,00:58:44"
大門,漢林機械區,2023/6/21,01:00:00,5005379321,"01:34:38,01:42:00,01:52:20"
大門,漢林機械區,2023/6/21,03:00:00,5005379321,"03:08:38,03:12:31,03:13:38,03:16:17,03:43:49"
大門,漢林機械區,2023/6/21,05:00:00,5005379321,"05:11:18,05:12:44,05:25:08,05:51:46"
大門,漢林機械區,2023/6/21,19:00:00,5005379321,"19:02:23,19:03:33,19:07:55,19:12:33,19:13:18,19:19:46,19:23:15,19:26:39,19:28:20,19:39:22,19:40:39,19:44:01,19:55:16,19:57:03"
大門,漢林機械區,2023/6/21,20:00:00,5005379321,20:50:03
大門,漢林機械區,2023/6/21,21:00:00,5005379321,"21:30:00,21:33:48,21:56:44"
大門,漢林機械區,2023/6/22,00:00:00,5005379321,"00:07:50,00:25:57,00:34:02,00:54:11"
大門,漢林機械區,2023/6/22,01:00:00,5005379321,"01:02:44,01:09:20,01:11:54,01:22:16,01:23:22,01:25:55,01:26:45,01:35:54"
大門,漢林機械區,2023/6/22,02:00:00,5005379321,"02:33:39,02:35:14,02:41:14,02:47:32,02:50:04,02:52:39,02:54:22,02:55:55,02:58:24"
大門,漢林機械區,2023/6/22,03:00:00,5005379321,"03:01:59,03:15:25,03:27:17,03:45:41"
大門,漢林機械區,2023/6/22,05:00:00,5005379321,"05:03:51,05:13:44,05:25:17,05:30:18,05:32:07,05:43:08,05:53:15,05:59:33"
大門,漢林機械區,2023/6/22,06:00:00,5005379321,06:32:04
大門,漢林機械區,2023/6/22,19:00:00,5005379321,"19:04:38,19:20:54,19:29:05,19:33:19,19:43:15,19:58:35"
大門,漢林機械區,2023/6/22,21:00:00,5005379321,"21:20:43,21:27:15,21:39:09,21:58:02"
大門,漢林機械區,2023/6/26,19:00:00,5005379321,"19:01:11,19:03:46,19:04:54"
大門,漢林機械區,2023/6/26,20:00:00,5005379321,"20:36:21,20:37:20,20:46:46,20:52:00"
大門,漢林機械區,2023/6/26,21:00:00,5005379321,"21:19:19,21:29:17,21:34:44,21:40:19"
大門,漢林機械區,2023/6/26,22:00:00,5005379321,"22:19:55,22:38:30"
大門,漢林機械區,2023/6/27,00:00:00,5005379321,"00:18:58,00:46:22"
大門,漢林機械區,2023/6/27,01:00:00,5005379321,"01:23:57,01:43:32"
大門,漢林機械區,2023/6/27,02:00:00,5005379321,"02:25:47,02:29:22,02:37:45,02:38:28"
大門,漢林機械區,2023/6/27,03:00:00,5005379321,"03:04:13,03:34:49,03:38:57,03:46:56"
大門,漢林機械區,2023/6/27,05:00:00,5005379321,"05:36:42,05:42:52,05:52:03"
大門,漢林機械區,2023/6/27,06:00:00,5005379321,"06:07:11,06:34:38"
大門,漢林機械區,2023/6/27,07:00:00,5005379321,07:50:31
大門,漢林機械區,2023/6/27,17:00:00,5005379321,17:45:02
大門,漢林機械區,2023/6/27,20:00:00,5005379321,"20:16:00,20:23:18,20:33:24"
大門,漢林機械區,2023/6/27,21:00:00,5005379321,"21:31:18,21:37:51,21:41:47,21:55:41"
大門,漢林機械區,2023/6/27,22:00:00,5005379321,"22:15:05,22:19:06,22:19:21,22:47:29"
大門,漢林機械區,2023/6/30,21:00:00,5005379321,21:49:34
大門,漢林機械區,2023/7/14,03:00:00,5005379321,03:30:25
大門,漢林機械區,2023/7/14,05:00:00,5005379321,05:08:13
大門,漢林機械區,2023/7/14,06:00:00,5005379321,06:37:25
大門,漢林機械區,2023/7/14,20:00:00,5005379321,"20:06:32,20:26:01"
大門,漢林機械區,2023/7/14,21:00:00,5005379321,21:31:48
大門,漢林機械區,2023/7/14,22:00:00,5005379321,22:10:34
大門,漢林機械區,2023/7/18,19:00:00,5005379321,19:46:05
大門,漢林機械區,2023/7/18,20:00:00,5005379321,20:33:43
大門,漢林機械區,2023/7/18,21:00:00,5005379321,21:33:50
大門,漢林機械區,2023/7/18,22:00:00,5005379321,22:14:00
大門,綠建,2023/5/2,17:00:00,5071921001,17:16:37
冷煤,綠建,2023/5/3,09:00:00,5071921002,09:45:47
冷煤,綠建,2023/5/4,10:00:00,5071921002,"10:27:24,10:49:23,10:58:09"
冷煤,綠建,2023/5/4,15:00:00,5071921002,"15:14:14,15:15:17,15:16:20,15:21:42"
冷煤,綠建,2023/5/4,18:00:00,5071921002,18:36:42
冷煤,綠建,2023/5/4,19:00:00,5071921002,19:03:30
冷煤,綠建,2023/5/4,20:00:00,5071921002,20:48:58
冷煤,綠建,2023/5/8,09:00:00,5071921002,09:28:07
冷煤,綠建,2023/5/8,14:00:00,5071921002,"14:52:57,14:53:03"
大門,綠建,2023/5/8,17:00:00,5071921001,17:40:34
大門,綠建,2023/5/18,20:00:00,5071921001,20:01:33
冷煤,綠建,2023/5/26,09:00:00,5071921002,09:17:31
冷煤,綠建,2023/5/26,14:00:00,5071921002,14:09:48
大門,綠建,2023/5/27,08:00:00,5071921001,"08:24:43,08:58:08"
大門,綠建,2023/5/27,09:00:00,5071921001,09:29:54
冷煤,綠建,2023/5/27,16:00:00,5071921002,16:31:01
大門,綠建,2023/5/27,18:00:00,5071921001,18:08:14
冷煤,綠建,2023/5/30,09:00:00,5071921002,09:03:11
大門,綠建,2023/5/31,17:00:00,5071921001,17:10:02
冷煤,綠建,2023/6/6,08:00:00,5071921003,"08:26:01,08:37:24"
冷煤,綠建,2023/6/6,10:00:00,5071921003,"10:30:22,10:46:59"
冷煤,綠建,2023/6/6,15:00:00,5071921003,15:35:37
冷煤,綠建,2023/6/6,17:00:00,5071921003,"17:32:27,17:33:37"
大門,綠建,2023/6/6,17:00:00,5071921001,17:14:19
冷煤,綠建,2023/6/6,19:00:00,5071921003,19:23:13
冷煤,綠建,2023/6/6,20:00:00,5071921003,20:38:47
大門,綠建,2023/6/6,20:00:00,5071921001,20:05:31
冷煤,綠建,2023/6/8,16:00:00,5071921003,16:48:48
冷煤,綠建,2023/6/10,10:00:00,5071921003,10:41:05
大門,綠建,2023/6/10,10:00:00,5071921001,10:53:31
冷煤,綠建,2023/6/10,16:00:00,5071921003,"16:06:17,16:10:21"
大門,綠建,2023/6/12,06:00:00,5071921001,06:42:41
冷煤,綠建,2023/6/12,10:00:00,5071921003,10:51:46
冷煤,綠建,2023/6/12,11:00:00,5071921002,11:12:32
冷煤,綠建,2023/6/12,12:00:00,5071921003,"12:18:41,12:33:35"
冷煤,綠建,2023/6/12,14:00:00,5071921003,14:33:57
冷煤,綠建,2023/6/12,15:00:00,5071921003,15:19:22
冷煤,綠建,2023/6/12,17:00:00,5071921003,17:17:24
大門,綠建,2023/6/12,17:00:00,5071921001,17:19:26
大門,綠建,2023/6/12,18:00:00,5071921001,18:30:25
大門,綠建,2023/6/12,19:00:00,5071921001,19:02:31
冷煤,綠建,2023/6/14,09:00:00,5071921002,09:34:14
冷煤,綠建,2023/6/14,11:00:00,5071921003,"11:30:58,11:56:07"
大門,綠建,2023/6/14,17:00:00,5071921001,17:36:04
大門,綠建,2023/6/14,18:00:00,5071921001,"18:19:19,18:33:54"
大門,綠建,2023/6/14,19:00:00,5071921001,19:21:59
大門,綠建,2023/6/14,20:00:00,5071921001,20:20:45
大門,綠建,2023/6/16,17:00:00,5071921001,"17:12:36,17:31:07,17:55:10"
大門,綠建,2023/6/16,18:00:00,5071921001,18:33:35
大門,綠建,2023/6/16,19:00:00,5071921001,"19:19:20,19:56:40"
冷煤,綠建,2023/6/16,20:00:00,5071921003,20:37:14
大門,綠建,2023/6/21,07:00:00,5071921001,07:30:15
冷煤,綠建,2023/6/21,14:00:00,5071921003,14:02:10
大門,綠建,2023/6/25,10:00:00,5071921001,"10:38:09,10:38:22"
大門,綠建,2023/6/26,17:00:00,5071921001,"17:00:00,17:01:44,17:04:45"
大門,綠建,2023/6/26,18:00:00,5071921001,18:15:48
冷煤,綠建,2023/6/27,16:00:00,5071921002,16:18:43
冷煤,綠建,2023/6/27,19:00:00,5071921002,"19:12:34,19:12:36"
冷煤,綠建,2023/6/27,19:00:00,5071921003,19:16:45
大門,綠建,2023/6/27,20:00:00,5071921001,20:08:36
大門,綠建,2023/6/30,07:00:00,5071921001,07:56:28
大門,綠建,2023/6/30,17:00:00,5071921001,"17:00:00,17:52:26"
大門,綠建,2023/6/30,18:00:00,5071921001,18:05:09
冷煤,綠建,2023/7/4,17:00:00,5071921002,17:18:17
冷煤,綠建,2023/7/4,20:00:00,5071921003,20:12:19
冷煤,綠建,2023/7/5,09:00:00,5071921002,09:45:38
冷煤,綠建,2023/7/5,11:00:00,5071921002,11:08:46
冷煤,綠建,2023/7/5,11:00:00,5071921003,11:18:09
冷煤,綠建,2023/7/5,16:00:00,5071921003,16:22:37
大門,綠建,2023/7/5,19:00:00,5071921001,19:31:00
大門,綠建,2023/7/5,21:00:00,5071921001,21:21:23
大門,綠建,2023/7/6,19:00:00,5071921001,"19:24:16,19:50:56"
大門,綠建,2023/7/6,20:00:00,5071921001,20:25:13
冷煤,綠建,2023/7/14,14:00:00,5071921002,14:51:03
大門,綠建,2023/7/16,15:00:00,5071921001,15:31:38
大門,綠建,2023/7/18,17:00:00,5071921001,17:56:58
冷煤,綠建,2023/7/20,09:00:00,5071921003,09:33:48
大門,綠建,2023/7/22,11:00:00,5071921001,11:18:35
冷煤,綠建,2023/7/22,14:00:00,5071921002,14:35:26
冷煤,綠建,2023/7/24,14:00:00,5071921002,14:38:21
大門,綠建,2023/7/24,17:00:00,5071921001,"17:08:01,17:10:28,17:30:27"
大門,綠建,2023/7/24,18:00:00,5071921001,18:32:28
冷煤,綠建,2023/7/26,13:00:00,5071921003,13:20:05
冷煤,綠建,2023/7/26,14:00:00,5071921003,14:07:03
大門,綠建,2023/7/26,17:00:00,5071921001,17:22:57
冷煤,綠建,2023/7/26,20:00:00,5071921002,20:46:18
大門,綠建,2023/8/1,17:00:00,5071921001,17:36:44
冷煤,綠建,2023/8/2,09:00:00,5071921002,09:40:25
冷煤,綠建,2023/8/2,10:00:00,5071921003,"10:32:28,10:41:19"
冷煤,綠建,2023/8/2,13:00:00,5071921003,"13:09:04,13:15:49"
大門,綠建,2023/8/2,17:00:00,5071921001,17:07:38
冷煤,綠建,2023/8/2,19:00:00,5071921003,19:40:53
冷煤,綠建,2023/8/7,09:00:00,5071921003,09:20:44
冷煤,綠建,2023/8/11,08:00:00,5071921003,08:59:20
冷煤,綠建,2023/8/11,09:00:00,5071921003,09:51:02
冷煤,綠建,2023/8/11,17:00:00,5071921003,17:38:13
冷煤,綠建,2023/8/11,20:00:00,5071921003,"20:30:16,20:40:35,20:50:37,20:54:40"
冷煤,綠建,2023/8/13,09:00:00,5071921003,"09:07:36,09:07:40"
大門,綠建,2023/8/13,20:00:00,5071921001,20:01:09
冷煤,綠建,2023/8/15,08:00:00,5071921003,08:56:37
冷煤,綠建,2023/8/15,09:00:00,5071921003,"09:24:27,09:44:48"
冷煤,綠建,2023/8/15,11:00:00,5071921003,11:20:14
大門,綠建,2023/8/15,17:00:00,5071921001,17:50:00
冷煤,綠建,2023/8/15,18:00:00,5071921003,"18:49:04,18:58:00"
冷煤,綠建,2023/8/15,19:00:00,5071921003,19:21:58
冷煤,綠建,2023/8/17,10:00:00,5071921003,10:53:07
冷煤,綠建,2023/8/17,12:00:00,5071921003,"12:33:06,12:35:45"
大門,綠建,2023/8/19,13:00:00,5071921001,13:45:41
大門,綠建,2023/8/19,14:00:00,5071921001,14:17:12
冷煤,綠建,2023/8/19,16:00:00,5071921003,16:28:01
大門,綠建,2023/8/23,17:00:00,5071921001,"17:02:57,17:28:43"
冷煤,綠建,2023/8/24,09:00:00,5071921003,"09:05:53,09:35:30"
大門,綠建,2023/8/24,19:00:00,5071921001,19:53:27
冷煤,綠建,2023/8/25,13:00:00,5071921002,13:22:16
大門,綠建,2023/8/29,07:00:00,5071921001,07:16:19
大門,綠建,2023/8/29,17:00:00,5071921001,17:50:27
冷煤,綠建,2023/9/7,12:00:00,5071921003,12:18:37
冷煤,綠建,2023/9/7,13:00:00,5071921003,13:20:41
冷煤,綠建,2023/9/7,13:00:00,5071921002,"13:38:23,13:42:27,13:53:33"
大門,綠建,2023/9/7,18:00:00,5071921001,18:49:26
冷煤,綠建,2023/9/8,08:00:00,5071921003,08:37:15
大門,綠建,2023/9/8,17:00:00,5071921001,17:08:01
大門,綠建,2023/9/9,08:00:00,5071921001,08:37:15
冷煤,綠建,2023/9/9,13:00:00,5071921003,"13:10:45,13:10:47,13:11:12,13:29:21"
大門,綠建,2023/9/9,20:00:00,5071921001,20:58:33
冷煤,綠建,2023/9/11,14:00:00,5071921003,14:33:00
冷煤,綠建,2023/9/11,16:00:00,5071921003,16:46:58
冷煤,綠建,2023/9/11,17:00:00,5071921003,17:43:00
大門,綠建,2023/9/11,17:00:00,5071921001,17:32:36
冷煤,綠建,2023/9/11,20:00:00,5071921003,20:44:13
冷煤,綠建,2023/9/12,10:00:00,5071921003,10:18:30
冷煤,綠建,2023/9/12,11:00:00,5071921003,11:11:52
冷煤,綠建,2023/9/12,13:00:00,5071921003,13:29:40
冷煤,綠建,2023/9/12,16:00:00,5071921003,16:01:15
冷煤,綠建,2023/9/12,18:00:00,5071921003,18:37:10
大門,綠建,2023/9/17,17:00:00,5071921001,17:09:25
冷煤,綠建,2023/9/19,11:00:00,5071921002,11:36:41
冷煤,綠建,2023/9/19,13:00:00,5071921002,13:35:10
冷煤,綠建,2023/9/19,15:00:00,5071921003,"15:35:55,15:49:02"
大門,綠建,2023/9/19,18:00:00,5071921001,"18:36:03,18:39:31"
冷煤,綠建,2023/9/19,19:00:00,5071921003,19:42:55
冷煤,綠建,2023/9/20,09:00:00,5071921003,09:10:50
冷煤,綠建,2023/9/20,11:00:00,5071921003,11:05:31
冷煤,綠建,2023/9/20,14:00:00,5071921002,14:40:35
冷煤,綠建,2023/9/20,19:00:00,5071921003,19:00:21
冷煤,綠建,2023/9/21,13:00:00,5071921003,"13:47:32,13:47:39"
大門,綠建,2023/9/21,17:00:00,5071921001,17:25:48
大門,綠建,2023/9/25,18:00:00,5071921001,18:33:30
大門,綠建,2023/9/25,19:00:00,5071921001,19:23:05
大門,綠建,2023/9/29,17:00:00,5071921001,17:31:35
大門,綠電二廠,2023/5/2,17:00:00,5005040001,17:20:37
大門,綠電二廠,2023/5/3,17:00:00,5005040001,"17:09:12,17:20:51"
大門,綠電二廠,2023/5/8,17:00:00,5005040001,"17:12:13,17:31:51"
大門,綠電二廠,2023/8/3,07:00:00,5005040001,07:54:19
大門,綠電二廠,2023/8/11,07:00:00,5005040001,07:16:21
大門,綠電二廠,2023/8/19,08:00:00,5005040001,08:42:18
大門,綠電二廠,2023/8/19,09:00:00,5005040001,09:57:14
大門,綠電二廠,2023/9/21,07:00:00,5005040001,07:56:30
冷煤,綠電楊梅廠,2023/5/4,09:00:00,5004517211,09:34:01
冷煤,綠電楊梅廠,2023/5/12,08:00:00,5004517211,08:43:11
冷煤,綠電楊梅廠,2023/5/18,11:00:00,5004517211,11:32:03
冷煤,綠電楊梅廠,2023/5/18,15:00:00,5004517211,15:41:13
大門,綠電楊梅廠,2023/5/27,11:00:00,5004517201,11:14:58
大門,綠電楊梅廠,2023/5/27,13:00:00,5004517201,13:13:36
冷煤,綠電楊梅廠,2023/5/27,14:00:00,5004517211,14:09:01
大門,綠電楊梅廠,2023/5/27,16:00:00,5004517201,16:45:39
大門,綠電楊梅廠,2023/5/30,17:00:00,5004517201,17:26:18
冷煤,綠電楊梅廠,2023/6/8,19:00:00,5004517211,19:22:25
冷煤,綠電楊梅廠,2023/6/10,11:00:00,5004517211,11:10:59
大門,綠電楊梅廠,2023/6/21,18:00:00,5004517201,"18:11:59,18:16:25"
大門,綠電楊梅廠,2023/6/30,18:00:00,5004517201,18:08:40
冷煤,綠電楊梅廠,2023/7/4,09:00:00,5004517214,09:32:00
冷煤,綠電楊梅廠,2023/7/5,10:00:00,5004517211,10:33:04
大門,綠電楊梅廠,2023/7/6,07:00:00,5004517201,07:39:00
冷煤,綠電楊梅廠,2023/7/6,10:00:00,5004517211,10:42:19
冷煤,綠電楊梅廠,2023/7/6,15:00:00,5004517211,15:36:07
冷煤,綠電楊梅廠,2023/7/14,11:00:00,5004517211,"11:11:02,11:13:37"
冷煤,綠電楊梅廠,2023/7/14,16:00:00,5004517211,16:02:24
冷煤,綠電楊梅廠,2023/7/14,18:00:00,5004517211,18:07:34
冷煤,綠電楊梅廠,2023/7/14,18:00:00,5004517214,18:19:16
大門,綠電楊梅廠,2023/7/18,04:00:00,5004517201,04:48:15
冷煤,綠電楊梅廠,2023/7/18,08:00:00,5004517214,08:22:55
大門,綠電楊梅廠,2023/7/18,17:00:00,5004517201,17:58:51
大門,綠電楊梅廠,2023/7/18,18:00:00,5004517201,18:18:01
冷煤,綠電楊梅廠,2023/7/20,19:00:00,5004517211,19:09:53
大門,綠電楊梅廠,2023/7/22,08:00:00,5004517201,08:42:20
大門,綠電楊梅廠,2023/7/22,11:00:00,5004517201,11:17:55
冷煤,綠電楊梅廠,2023/8/1,13:00:00,5004517211,13:23:16
冷煤,綠電楊梅廠,2023/8/1,16:00:00,5004517211,16:06:16
冷煤,綠電楊梅廠,2023/8/1,19:00:00,5004517211,19:21:19
冷煤,綠電楊梅廠,2023/8/2,17:00:00,5004517211,17:59:39
大門,綠電楊梅廠,2023/8/3,07:00:00,5004517201,07:41:39
冷煤,綠電楊梅廠,2023/8/7,09:00:00,5004517211,09:34:25
冷煤,綠電楊梅廠,2023/8/7,13:00:00,5004517211,13:09:36
冷煤,綠電楊梅廠,2023/8/7,15:00:00,5004517211,"15:09:53,15:31:56,15:32:09"
冷煤,綠電楊梅廠,2023/8/15,13:00:00,5004517211,"13:20:28,13:41:47"
大門,綠電楊梅廠,2023/8/17,07:00:00,5004517201,07:44:15
冷煤,綠電楊梅廠,2023/8/17,16:00:00,5004517214,16:50:41
冷煤,綠電楊梅廠,2023/8/19,08:00:00,5004517211,08:16:34
冷煤,綠電楊梅廠,2023/8/23,16:00:00,5004517211,"16:27:23,16:56:50"
大門,綠電楊梅廠,2023/8/24,05:00:00,5004517201,05:33:08
大門,綠電楊梅廠,2023/8/24,07:00:00,5004517201,07:36:03
冷煤,綠電楊梅廠,2023/8/25,10:00:00,5004517211,10:49:27
冷煤,綠電楊梅廠,2023/8/28,13:00:00,5004517211,13:05:15
冷煤,綠電楊梅廠,2023/8/30,08:00:00,5004517211,"08:27:05,08:33:04,08:34:56"
大門,綠電楊梅廠,2023/9/7,07:00:00,5004517201,07:33:24
冷煤,綠電楊梅廠,2023/9/7,08:00:00,5004517211,08:39:08
冷煤,綠電楊梅廠,2023/9/7,15:00:00,5004517211,15:23:06
冷煤,綠電楊梅廠,2023/9/7,18:00:00,5004517214,18:50:48
冷煤,綠電楊梅廠,2023/9/8,08:00:00,5004517214,08:51:21
冷煤,綠電楊梅廠,2023/9/8,08:00:00,5004517211,08:36:23
冷煤,綠電楊梅廠,2023/9/8,09:00:00,5004517214,"09:21:05,09:34:37"
冷煤,綠電楊梅廠,2023/9/8,10:00:00,5004517214,10:20:45
冷煤,綠電楊梅廠,2023/9/8,11:00:00,5004517214,11:44:52
大門,綠電楊梅廠,2023/9/9,09:00:00,5004517201,09:58:30
大門,綠電楊梅廠,2023/9/9,11:00:00,5004517201,11:32:13
大門,綠電楊梅廠,2023/9/9,15:00:00,5004517201,"15:13:02,15:13:46"
冷煤,綠電楊梅廠,2023/9/11,10:00:00,5004517211,10:34:56
冷煤,綠電楊梅廠,2023/9/11,16:00:00,5004517211,16:58:02
冷煤,綠電楊梅廠,2023/9/12,08:00:00,5004517214,08:18:42
冷煤,綠電楊梅廠,2023/9/19,09:00:00,5004517214,09:02:35
大門,綠電楊梅廠,2023/9/21,07:00:00,5004517201,07:46:22
大門,綠電楊梅廠,2023/9/27,05:00:00,5004517201,05:09:54
冷煤,綠環境,2023/5/3,08:00:00,5005056005,08:33:30
冷煤,綠環境,2023/5/3,08:00:00,5005056017,"08:14:24,08:38:42,08:39:08,08:53:17"
冷煤,綠環境,2023/5/3,09:00:00,5005056017,"09:08:07,09:12:07,09:17:54,09:40:42"
冷煤,綠環境,2023/5/3,11:00:00,5005056005,"11:08:52,11:14:44,11:55:35"
冷煤,綠環境,2023/5/3,16:00:00,5005056017,16:11:08
冷煤,綠環境,2023/5/4,09:00:00,5005056005,09:08:04
冷煤,綠環境,2023/5/8,14:00:00,5005056005,"14:18:51,14:46:15"
冷煤,綠環境,2023/5/12,13:00:00,5005056005,13:39:38
冷煤,綠環境,2023/5/16,13:00:00,5005056005,13:31:30
冷煤,綠環境,2023/5/18,08:00:00,5005056017,08:11:40
大門,綠環境,2023/5/18,18:00:00,5005056021,18:33:47
大門,綠環境,2023/5/18,19:00:00,5005056021,19:00:50
大門,綠環境,2023/5/18,20:00:00,5005056021,20:41:36
大門,綠環境,2023/5/21,10:00:00,5005056021,10:59:35
大門,綠環境,2023/5/21,14:00:00,5005056021,14:25:25
大門,綠環境,2023/5/27,08:00:00,5005056021,08:07:07
冷煤,綠環境,2023/5/27,09:00:00,5005056017,09:52:07
冷煤,綠環境,2023/5/27,10:00:00,5005056017,10:19:19
冷煤,綠環境,2023/5/27,11:00:00,5005056017,11:49:28
大門,綠環境,2023/5/27,11:00:00,5005056021,"11:12:32,11:13:49,11:15:50"
大門,綠環境,2023/5/27,14:00:00,5005056021,14:52:24
大門,綠環境,2023/5/27,15:00:00,5005056021,15:26:11
大門,綠環境,2023/5/29,17:00:00,5005056021,"17:25:35,17:31:43,17:41:12,17:49:13,17:54:33"
大門,綠環境,2023/5/29,18:00:00,5005056021,"18:00:13,18:17:22"
冷煤,綠環境,2023/6/6,08:00:00,5005056017,08:30:32
冷煤,綠環境,2023/6/6,17:00:00,5005056005,17:48:17
冷煤,綠環境,2023/6/8,11:00:00,5005056005,11:48:15
冷煤,綠環境,2023/6/8,11:00:00,5005056017,11:48:23
大門,綠環境,2023/6/10,13:00:00,5005056021,13:48:51
冷煤,綠環境,2023/6/10,16:00:00,5005056005,16:21:18
冷煤,綠環境,2023/6/12,11:00:00,5005056005,11:30:13
大門,綠環境,2023/6/12,17:00:00,5005056021,"17:03:25,17:05:46,17:13:11,17:34:27"
大門,綠環境,2023/6/12,18:00:00,5005056021,18:49:53
冷煤,綠環境,2023/6/16,19:00:00,5005056005,"19:09:26,19:09:34,19:09:45"
冷煤,綠環境,2023/6/21,08:00:00,5005056005,08:39:09
冷煤,綠環境,2023/6/21,11:00:00,5005056005,11:18:56
冷煤,綠環境,2023/6/22,14:00:00,5005056005,14:13:04
冷煤,綠環境,2023/6/26,08:00:00,5005056005,08:27:41
大門,綠環境,2023/6/26,17:00:00,5005056021,17:00:57
冷煤,綠環境,2023/6/27,14:00:00,5005056005,14:14:48
冷煤,綠環境,2023/6/27,18:00:00,5005056005,18:17:06
大門,綠環境,2023/6/27,18:00:00,5005056021,18:51:05
大門,綠環境,2023/7/4,04:00:00,5005056021,04:37:08
大門,綠環境,2023/7/4,17:00:00,5005056021,17:16:59
大門,綠環境,2023/7/4,20:00:00,5005056021,20:50:42
大門,綠環境,2023/7/14,07:00:00,5005056021,07:45:27
冷煤,綠環境,2023/7/14,08:00:00,5005056017,"08:36:45,08:42:27"
冷煤,綠環境,2023/7/18,10:00:00,5005056005,10:15:29
大門,綠環境,2023/7/18,18:00:00,5005056021,"18:05:37,18:09:57"
冷煤,綠環境,2023/7/20,09:00:00,5005056005,09:18:24
冷煤,綠環境,2023/7/20,11:00:00,5005056005,11:08:57
大門,綠環境,2023/7/22,08:00:00,5005056021,08:55:26
冷煤,綠環境,2023/7/24,12:00:00,5005056017,12:59:29
冷煤,綠環境,2023/7/26,09:00:00,5005056017,09:19:18
冷煤,綠環境,2023/7/26,20:00:00,5005056017,"20:00:54,20:11:20,20:11:22"
冷煤,綠環境,2023/8/1,09:00:00,5005056017,09:50:44
冷煤,綠環境,2023/8/1,11:00:00,5005056005,11:16:36
冷煤,綠環境,2023/8/2,11:00:00,5005056001,11:43:38
冷煤,綠環境,2023/8/7,11:00:00,5005056017,11:27:09
冷煤,綠環境,2023/8/15,11:00:00,5005056005,11:50:22
大門,綠環境,2023/8/15,17:00:00,5005056021,17:13:24
冷煤,綠環境,2023/8/17,08:00:00,5005056005,08:22:09
冷煤,綠環境,2023/8/17,15:00:00,5005056001,15:19:10
大門,綠環境,2023/8/23,20:00:00,5005056021,20:32:01
冷煤,綠環境,2023/8/24,08:00:00,5005056017,08:40:57
大門,綠環境,2023/8/30,07:00:00,5005056021,07:43:18
冷煤,綠環境,2023/9/7,09:00:00,5005056001,09:54:23
冷煤,綠環境,2023/9/7,16:00:00,5005056001,16:13:03
大門,綠環境,2023/9/7,19:00:00,5005056021,19:15:42
冷煤,綠環境,2023/9/12,08:00:00,5005056017,"08:25:54,08:34:08,08:39:46"
冷煤,綠環境,2023/9/19,08:00:00,5005056017,08:40:22
冷煤,綠環境,2023/9/20,09:00:00,5005056017,09:58:56
冷煤,綠環境,2023/9/20,14:00:00,5005056005,14:35:46
冷煤,綠環境,2023/9/20,16:00:00,5005056005,16:07:35
大門,綠環境,2023/9/21,07:00:00,5005056021,07:25:47
大門,綠環境,2023/9/27,18:00:00,5005056021,18:17:53
冷煤,聯榮,2023/5/3,10:00:00,5072141805,"10:26:12,10:33:05"
冷煤,聯榮,2023/5/3,13:00:00,5072141805,"13:20:08,13:46:30,13:59:47"
冷煤,聯榮,2023/5/3,14:00:00,5072141805,"14:30:14,14:35:08"
冷煤,聯榮,2023/5/3,16:00:00,5072141805,"16:19:33,16:27:06,16:39:57"
冷煤,聯榮,2023/6/6,09:00:02,5072141805,09:57:36
冷煤,聯榮,2023/6/6,10:00:01,5072141805,10:55:37
冷煤,聯榮,2023/6/6,13:00:01,5072141805,13:06:54
冷煤,聯榮,2023/6/6,14:00:01,5072141805,"14:15:47,14:52:13"
冷煤,聯榮,2023/6/12,11:00:02,5072141805,11:44:17
冷煤,聯榮,2023/6/12,13:00:02,5072141805,13:09:48
冷煤,聯榮,2023/6/12,14:00:02,5072141801,14:53:09
大門,聯榮,2023/6/12,17:00:02,5072141801,17:39:20
冷煤,聯榮,2023/6/14,14:00:02,5072141801,14:38:44
冷煤,聯榮,2023/6/14,16:00:02,5072141805,16:08:59
冷煤,聯榮,2023/6/21,08:00:00,5072141805,"08:40:20,08:51:45"
冷煤,聯榮,2023/6/21,14:00:02,5072141805,14:16:46
冷煤,聯榮,2023/6/26,14:00:01,5072141805,14:13:55
大門,聯榮,2023/6/27,07:00:00,5072141801,"07:13:28,07:39:52"
冷煤,聯榮,2023/6/27,09:00:00,5072141801,09:01:04
冷煤,聯榮,2023/7/4,08:00:01,5072141805,08:46:34
冷煤,聯榮,2023/7/5,09:00:01,5072141805,09:10:59
冷煤,聯榮,2023/7/5,10:00:01,5072141805,10:30:07
冷煤,聯榮,2023/7/5,11:00:01,5072141805,"11:05:13,11:05:15,11:05:25"
冷煤,聯榮,2023/7/5,16:00:01,5072141805,"16:15:07,16:20:01,16:32:24,16:33:32,16:33:40,16:33:50,16:35:02,16:35:14"
冷煤,聯榮,2023/7/6,13:00:00,5072141805,13:37:00
冷煤,聯榮,2023/7/10,11:00:02,5072141805,11:50:48
冷煤,聯榮,2023/7/10,14:00:02,5072141805,14:59:54
冷煤,聯榮,2023/7/14,13:00:00,5072141805,13:43:06
冷煤,聯榮,2023/7/18,14:00:02,5072141805,14:40:35
冷煤,聯榮,2023/7/20,13:00:02,5072141805,13:21:49
冷煤,聯榮,2023/7/20,14:00:02,5072141805,14:37:28
冷煤,聯榮,2023/7/20,15:00:02,5072141805,15:35:07
冷煤,聯榮,2023/7/24,09:00:01,5072141805,09:06:33
冷煤,聯榮,2023/7/24,10:00:01,5072141805,"10:38:06,10:55:04"
冷煤,聯榮,2023/7/24,13:00:01,5072141805,13:32:15
冷煤,聯榮,2023/8/1,13:00:01,5072141801,13:46:44
冷煤,聯榮,2023/8/2,08:00:01,5072141805,08:42:42
冷煤,聯榮,2023/8/2,09:00:01,5072141805,09:51:35
冷煤,聯榮,2023/8/2,14:00:01,5072141805,14:57:51
冷煤,聯榮,2023/8/7,14:00:02,5072141805,14:35:37
大門,聯榮,2023/8/7,17:00:02,5072141801,17:05:07
冷煤,聯榮,2023/8/11,09:00:01,5072141805,"09:32:07,09:33:48"
冷煤,聯榮,2023/8/11,13:00:01,5072141805,13:04:56
冷煤,聯榮,2023/8/11,15:00:01,5072141805,"15:00:08,15:58:53"
冷煤,聯榮,2023/8/15,08:00:02,5072141805,"08:16:54,08:40:14"
冷煤,聯榮,2023/8/15,11:00:00,5072141805,11:00:19
冷煤,聯榮,2023/8/15,15:00:02,5072141805,15:55:11
冷煤,聯榮,2023/8/15,16:00:02,5072141805,16:06:41
冷煤,聯榮,2023/8/17,11:00:02,5072141805,"11:15:01,11:42:14"
大門,聯榮,2023/8/23,07:00:00,5072141801,07:36:57
冷煤,聯榮,2023/8/23,08:00:00,5072141805,08:43:18
冷煤,聯榮,2023/8/23,15:00:00,5072141805,15:43:24
冷煤,聯榮,2023/8/23,16:00:00,5072141805,16:20:23
冷煤,聯榮,2023/8/24,10:00:02,5072141805,10:33:48
冷煤,聯榮,2023/8/28,08:00:01,5072141805,08:23:08
冷煤,聯榮,2023/8/28,10:00:01,5072141805,10:49:40
冷煤,聯榮,2023/8/28,11:00:01,5072141805,11:05:09
冷煤,聯榮,2023/8/28,14:00:01,5072141805,"14:31:01,14:40:11"
冷煤,聯榮,2023/9/7,09:00:02,5072141805,09:44:18
冷煤,聯榮,2023/9/7,14:00:02,5072141805,14:29:01
冷煤,聯榮,2023/9/7,15:00:01,5072141805,15:30:48
冷煤,聯榮,2023/9/7,16:00:01,5072141805,16:12:42
冷煤,聯榮,2023/9/8,08:00:01,5072141805,08:15:48
冷煤,聯榮,2023/9/8,11:00:01,5072141805,11:08:37
冷煤,聯榮,2023/9/8,13:00:01,5072141805,"13:53:40,13:55:24"
冷煤,聯榮,2023/9/8,15:00:01,5072141805,15:49:10
大門,聯榮,2023/9/9,08:00:01,5072141801,"08:34:09,08:37:35,08:39:47,08:44:03"
冷煤,聯榮,2023/9/11,08:00:00,5072141805,08:52:54
冷煤,聯榮,2023/9/11,11:00:00,5072141801,11:38:23
冷煤,聯榮,2023/9/11,14:00:00,5072141805,"14:04:50,14:53:08"
冷煤,聯榮,2023/9/11,16:00:00,5072141805,16:37:59
冷煤,聯榮,2023/9/12,08:00:00,5072141805,08:38:19
大門,聯榮,2023/9/19,07:00:01,5072141801,07:45:32
冷煤,聯榮,2023/9/19,15:00:01,5072141805,15:48:51
冷煤,聯榮,2023/9/19,16:00:01,5072141805,16:09:11
冷煤,聯榮,2023/9/20,13:00:00,5072141805,13:05:44
冷煤,聯榮,2023/9/20,14:00:00,5072141805,14:07:20
冷煤,聯榮,2023/9/21,09:00:00,5072141805,09:14:22
冷煤,聯榮,2023/9/25,14:00:02,5072141805,14:57:20
